CREATE DATABASE IF NOT EXISTS notificaciones;
USE notificaciones;

CREATE TABLE IF NOT EXISTS tipo_plantilla (
    id INT PRIMARY KEY NOT NULL,
    nombre VARCHAR(16) NOT NULL
);

INSERT INTO tipo_plantilla (id, nombre) VALUES
    (1, "CONFIRMACION"),
    (2, "CANCELACION"),
    (3, "REPROGRAMACION"),
    (4, "RECORDATORIO");

-- Tabla de plantillas de mensajes
CREATE TABLE IF NOT EXISTS plantilla (
    id INT AUTO_INCREMENT PRIMARY KEY NOT NULL,
    contenido TEXT NOT NULL,
    id_tipo INT NOT NULL,
    FOREIGN KEY (id_tipo) REFERENCES tipo_plantilla(id)
);

INSERT INTO plantilla (id, contenido, id_tipo) VALUES
(1, '¡Hola {nompac} {apepac}!
Queremos recordarle que tiene el siguiente turno programado:

:calendar: Fecha: {fecha}
:alarm_clock: Hora: {horaturno}
:man_health_worker: Profesional: {nomprof} {apeprof}
:stethoscope: Especialidad: {especialidad}
:hospital: Efector: {efector}

¡Lo esperamos! :raising_hands:', 4),


(2, '¡Hola {nompac} {apepac}!
Se confirmo el siguiente turno:

:calendar: Fecha: {fecha}
:alarm_clock: Hora: {horaturno}
:man_health_worker: Profesional: {nomprof} {apeprof}
:stethoscope: Especialidad: {especialidad}
:hospital: Efector: {efector}

¡Lo esperamos! :raising_hands:', 1),


(3, 'Hola {nompac} {apepac},
Su turno programado ha sido cancelado', 2),

(4, 'Hola {nompac} {apepac},
Su turno para el día {fecha} sera reprogramado.', 3);

-- Tabla de estados de mensaje
CREATE TABLE IF NOT EXISTS estado_msj (
    id INT PRIMARY KEY NOT NULL,
    significado VARCHAR(32) NOT NULL
);

INSERT INTO estado_msj(id, significado) VALUES
(-4, 'SERVER ERROR'),
(-3, 'FALTAN DATOS'),
(-2, 'NUMERO INVALIDO'),
(-1, 'FALLIDO'),
(0, 'PENDIENTE'),
(1, 'ENVIADO'),
(2, 'RECIBIDO'),
(3, 'LEIDO');

-- Tabla de estados de turno
CREATE TABLE IF NOT EXISTS estado_turno (
    id INT PRIMARY KEY NOT NULL,
    nombre VARCHAR(32) NOT NULL
);

INSERT INTO estado_turno(id, nombre) VALUES
(1, 'ASIGNADO'),
(2, 'CANCELADO'),
(3, 'REPROGRAMADO'),
(4, 'FINALIZADO');

-- Efector
CREATE TABLE IF NOT EXISTS efector (
    id INT PRIMARY KEY NOT NULL,
    nombre VARCHAR(64) NOT NULL
);

INSERT INTO efector(id, nombre) VALUES
(1, 'HOSPITAL ROQUE SAENZ PEÑA'),
(2, 'HOSPITAL ALBERDI'),
(4, 'HOSPITAL DE EMERGENCIAS CLEMENTE ALVAREZ'),
(5, 'CENTRO DE ESPECIALIDADES MEDICAS AMBULATORIAS RO'),
(6, 'MATERNIDAD MARTIN'),
(7, 'HOSPITAL INTENDENTE CARRASCO'),
(10, 'EL GAUCHO'),
(11, 'CASIANO CASAS'),
(12, '1ERO DE MAYO '),
(13, 'DR.SALVADOR MAZZA '),
(14, 'ROQUE COULIN'),
(16, 'VICTOR CUE VEC'),
(18, 'LA FLORIDA VEC'),
(19, 'CEFERINO NAMUNCURA'),
(21, 'STAFFIERI'),
(22, 'SAN MARTIN'),
(23, 'JEAN HENRY DUNANT'),
(24, 'CASALS MAURICIO'),
(25, 'EMAUS'),
(26, 'ROCA JULIO'),
(29, 'STA.MA.JOSEFA ROSELLO'),
(31, 'DR. ESTEBAN MARADONA'),
(32, 'LUIS PASTEUR'),
(33, 'LAS FLORES'),
(34, 'SAN MARCELINO CHAMPAGNAT'),
(35, 'BARRIO PLATA'),
(36, 'RUBEN NARANJO'),
(37, 'MATHEU DOMINGO'),
(38, 'SAN VICENTE DE PAUL'),
(39, 'ELENA BAZET'),
(40, '20 DE JUNIO'),
(41, 'SUR'),
(42, 'PARQUE SUR VEC'),
(43, 'SAN MARTIN "A" VEC'),
(44, 'MAIZTEGUI'),
(45, 'LAS FLORES ESTE VEC'),
(47, 'TOBA'),
(48, 'EL MANGRULLO'),
(50, 'SANTA TERESITA '),
(52, 'JUAN B. JUSTO'),
(59, 'INSTITUTO LUCHA ANTIPOLIOMIELITICA ROS.'),
(62, 'ANGEL INVALDI VEC'),
(63, 'JUANA AZURDUY'),
(64, 'EVA DUARTE '),
(65, 'SANTA LUCIA'),
(91, 'TIO ROLO'),
(93, 'POCHO LEPRATI'),
(95, 'LUCHEMOS POR LA VIDA'),
(96, 'MARTIN'),
(100, 'EFECTOR PRUEBA'),
(101, 'DRA. DEBORA FERRANDINI (Ex COSSETINI)'),
(102, 'LIC. UGARTE JOSE RAUL'),
(103, 'ITATI'),
(114, 'SECRETARIA DE SALUD PUBLICA'),
(179, 'ALICIA MOREAU DE JUSTO'),
(225, 'LA ESTACION'),
(231, 'DRA. ENA RICHIGER'),
(237, 'CASA MARTINEZ ESTRADA (ALPACP)'),
(238, 'HERMES BINNER');


CREATE TABLE IF NOT EXISTS servicio (
    id INT PRIMARY KEY NOT NULL,
    nombre VARCHAR(64) NOT NULL
);

INSERT INTO servicio (id, nombre) VALUES
(4, 'OBSTETRICIA'),
(5, 'ODONTOLOGIA'),
(6, 'SALUD MENTAL'),
(9, 'MEDICINA GENERAL'),
(10, 'CLINICA MEDICA'),
(16, 'CIRUGIA PLASTICA'),
(45, 'NUTRICION'),
(47, 'OFTALMOLOGIA'),
(49, 'TRAUMATO Y ORTOPEDIA'),
(55, 'FLEBOLOGIA'),
(68, 'ENDOCRINOLOGIA'),
(69, 'REUMATOLOGIA'),
(71, 'FISIATRIA'),
(75, 'UROLOGIA - URINARIAS'),
(77, 'CARDIOLOGIA'),
(85, 'CIRUGIA GENERAL'),
(98, 'NEFROLOGIA'),
(107, 'GASTROENTEROLOGIA'),
(109, 'GINECOLOGIA'),
(110, 'HEMATOLOGIA'),
(124, 'NEUMONOLOGIA VIAS RESPIRATORIAS'),
(126, 'NEUROLOGIA'),
(133, 'DERMATOLOGIA'),
(149, 'FONOAUDIOLOGIA'),
(150, 'KINESIOLOGIA'),
(152, 'INFECTOLOGIA'),
(164, 'ALERGIA'),
(169, 'CUIDADOS PALIATIVOS'),
(186, 'PEDIATRIA'),
(203, 'MEDICINA LEGAL'),
(207, 'CIRUGIA AMBULATORIA'),
(210, 'DISPOSITIVOS INTERDISCIPLINARIOS'),
(218, 'MEDICINA PREVENTIVA'),
(219, 'CONSULTORIO CONJUNTO'),
(7, 'TOCOGINECOLOGIA'),
(102, 'CIRUGIA BUCOMAXILOFACIAL'),
(155, 'DIAGNOSTICO POR IMAGENES'),
(204, 'TERAPIA OCUPACIONAL'),
(205, 'ODONTOLOGIA PEDIATRICA'),
(211, 'SALUD SEXUAL Y REPRODUCTIVA'),
(2, 'ENFERMERIA'),
(48, 'ONCOLOGIA'),
(50, 'OTORRINOLARINGOLOGIA'),
(64, 'PROCTOLOGIA'),
(73, 'TOXICOLOGIA'),
(74, 'GENETICA-ANDROLOGIA'),
(125, 'NEUROCIRUGIA'),
(172, 'HOSPITAL DE DIA'),
(193, 'ANESTESIOLOGIA'),
(206, 'SALUD LABORAL'),
(208, 'MEDICINA FETAL'),
(209, 'MEDICINAS ALTERNATIVAS'),
(214, 'PODOLOGIA'),
(216, 'HEMOTERAPIA'),
(221, 'ENDOCRINOLOGIA INFANTIL'),
(59, 'MEDICINA TRANSFUSIONAL'),
(65, 'CUIDADOS ESPECIALES'),
(82, 'INMUNOLOGIA'),
(225, 'HEPATOLOGIA HIGADO Y VIAS BILIARES'),
(11, 'CLINICA PEDIATRICA'),
(8, 'TRABAJO SOCIAL'),
(67, 'PSICOLOGIA-PSICOPEDAGOGIA'),
(118, 'NUTRICION INFANTIL'),
(223, 'CONSULTORIO CONJUNTO SEGUNDO NIVEL'),
(224, 'CONSULTORIO CONJUNTO TERCER NIVEL'),
(159, 'SERVICIO PRUEBA'),
(217, 'ATENCION DOMICILIARIA SALUD MENTAL');


CREATE TABLE IF NOT EXISTS especialidad (
    id INT PRIMARY KEY NOT NULL,
    id_servicio INT NOT NULL,
    nombre VARCHAR(64) NOT NULL,
    FOREIGN KEY (id_servicio) REFERENCES servicio(id)
);

INSERT INTO  especialidad (id, id_servicio, nombre)VALUES
(229, 4, 'SEGUIMIENTO'),
(302, 4, 'OBSTETRICIA BAJO RIESGO'),
(304, 4, 'OBSTETRICIA SEGUIMIENTO OBSTETRICO ESPECIAL'),
(309, 4, 'DEMANDA'),
(6, 5, 'ODONTOLOGIA'),
(186, 5, 'RAYOS'),
(208, 5, 'ENDODONCIA MULTIRRADICULAR'),
(286, 5, 'INTERCONSULTAS'),
(326, 5, 'CIRUGIA DENTOMAXILAR-CIRUGIA'),
(7, 6, 'PSICOLOGIA'),
(24, 6, 'PSIQUIATRIA'),
(10, 9, 'MEDICINA GENERAL'),
(11, 10, 'CLINICA MEDICA'),
(149, 16, 'CIRUGIA PLASTICA'),
(166, 45, 'NUTRICION'),
(315, 45, 'NUTRICION INFANTIL'),
(19, 47, 'OFTALMOLOGIA'),
(261, 47, 'FONDO DE OJO DIABETES'),
(284, 47, 'SEGUIMIENTO DIABETES'),
(395, 47, 'CONSULTORIO ENLACE'),
(13, 49, 'TRAUMATOLOGIA'),
(305, 49, 'POST GUARDIA'),
(306, 49, 'SEGUIMIENTO MAYBE NEUROORTOPEDICO'),
(158, 55, 'FLEBOLOGIA'),
(36, 68, 'ENDOCRINOLOGIA'),
(276, 68, 'ENDOCRINOLOGIA - NODULO TIROIDEO'),
(20, 69, 'REUMATOLOGIA'),
(30, 71, 'FISIATRIA'),
(175, 71, 'ELECTROMIOGRAFIA'),
(298, 71, 'FISIATRIA INFANTIL'),
(17, 75, 'UROLOGIA'),
(22, 77, 'CARDIOLOGIA'),
(33, 77, 'CARDIOLOGIA INFANTIL'),
(162, 77, 'HOLTER'),
(171, 77, 'ERGOMETRIA'),
(189, 77, 'PREQUIRURGICO'),
(281, 77, 'ALTO RIESGO NIÑOS'),
(303, 77, 'INTERCONSULTAS NEO'),
(359, 77, 'CARDIOLOGIA INFANTIL ECOCARDIO'),
(112, 85, 'CIRUGIA GENERAL'),
(14, 98, 'NEFROLOGIA'),
(310, 98, 'NEFROLOGIA INFANTIL'),
(34, 107, 'GASTROENTEROLOGIA INFANTIL'),
(113, 107, 'GASTROENTEROLOGIA'),
(12, 109, 'GINECOLOGIA'),
(143, 109, 'PATOLOGIA MAMARIA'),
(161, 109, 'GINECOLOGIA UROLOGICA'),
(190, 109, 'LIGADURA TUBARIA'),
(214, 109, 'PATOLOGIA MAMARIA SEGUIMIENTO'),
(294, 109, 'ADOLESCENCIA'),
(299, 109, 'COLPOSCOPIA'),
(307, 109, 'GINECOLOGIA QUIRURGICA'),
(358, 109, 'GINECOLOGIA ANTICONCEPCION'),
(361, 109, 'GINECOLOGIA QUIRURGICA SEGUIMIENTO'),
(362, 109, 'CONSULTORIO ENLACE GUARDIA'),
(369, 109, 'CISTOTONOMETRIA'),
(89, 110, 'HEMATOLOGIA'),
(64, 124, 'NEUMONOLOGIA'),
(79, 124, 'NEUMONOLOGIA INFANTIL'),
(174, 124, 'ESPIROMETRIA'),
(21, 126, 'NEUROLOGIA'),
(32, 126, 'NEUROLOGIA INFANTIL'),
(324, 126, 'SEGUIMIENTO INFANTIL'),
(15, 133, 'DERMATOLOGIA'),
(27, 149, 'FONOAUDIOLOGIA'),
(172, 149, 'OTOEMISIONES'),
(173, 149, 'POTENCIALES EVOCADOS'),
(194, 149, 'AUDIOMETRIA'),
(285, 149, 'FONOAUDIOLOGIA 1RA. VEZ'),
(287, 149, 'OTOEMISIONES MATERNIDAD'),
(26, 150, 'KINESIOLOGIA'),
(61, 150, 'KINESIOLOGIA INFANTIL'),
(290, 150, 'KINESIOLOGIA RESPIRATORIA'),
(293, 150, 'INTERCONSULTAS PEDIATRICAS'),
(84, 152, 'INFECTOLOGIA'),
(300, 164, 'ALERGIA INFANTIL'),
(53, 169, 'CUIDADOS PALIATIVOS'),
(2, 186, 'PEDIATRIA'),
(167, 186, 'NEURODESARROLLO'),
(311, 186, 'LACTANCIA'),
(373, 186, 'ICTERICIA'),
(169, 203, 'MEDICINA LEGAL'),
(277, 210, 'SUSTITUTIVOS - EL PUENTE ARTE Y SALUD'),
(280, 218, 'PREVENCION - ETS'),
(282, 219, 'SEGUIMIENTO OBSTETRICO ESPECIAL - SOE'),
(283, 219, 'ATENCION TEMPRANA'),
(289, 219, 'SALUD SEXUAL Y REPRODUCTIVA'),
(297, 219, 'PREQUIRURGICO TGI'),
(364, 219, 'CUIDADOS PALIATIVOS - FISIATRIA'),
(42, 5, 'CITADOS POR ODONTOLOGIA'),
(103, 5, 'EXODONCIA'),
(139, 5, 'ADMISION'),
(209, 5, 'ENDODONCIA'),
(401, 5, 'URGENCIA ODONTO'),
(402, 5, 'OPERATORIA RECONSTRUCCIÓN'),
(8, 7, 'TOCOGINECOLOGIA'),
(56, 7, 'GUARDIA'),
(35, 155, 'ECOGRAFIA'),
(37, 155, 'ECOGRAFIA-ECODOPLER'),
(242, 155, 'ECOGRAFIA GINECO - OBSTETRICA'),
(254, 155, 'ECOCARDIOGRAMA'),
(399, 155, 'ECOGRAFIA IVE - ILE'),
(176, 204, 'TERAPIA OCUPACIONAL'),
(182, 205, 'ADMISION Y OPERATORIA'),
(239, 210, 'ACOMPAÑAMIENTO DE PROCESOS DE ATENCIÓN/CUIDADOS'),
(218, 211, 'DISPOSITIVOS INTERDISCIPLINARIOS'),
(273, 109, 'GINECOLOGIA - CLIMATERIO'),
(40, 2, 'ELECTROCARDIOGRAMA'),
(65, 2, 'ELECTROENCEFALOGRAMA'),
(163, 2, 'AUTOREFACTOMETRIA'),
(312, 2, 'ELECTROENCEFALOGRAMA PROLONGADO'),
(5, 4, 'OBSTETRICIA'),
(187, 4, 'MONITOREO FETAL'),
(391, 4, 'SEGUIMIENTO PUERPERIO ALTO RIESGO'),
(28, 5, 'PREVENCION'),
(66, 5, 'ODONTOLOGIA INFANTIL'),
(102, 5, 'LABORATORIO DENTAL'),
(109, 5, 'PROTESIS DENTAL'),
(170, 5, 'POST ALTA'),
(179, 5, 'OPERATORIA'),
(180, 5, 'PERIODONCIA'),
(181, 5, 'ESTOMATOLOGIA'),
(184, 5, 'ENDODONCIA UNIRRADICULAR'),
(206, 5, 'CIRUGIA MAXILOFACIAL'),
(327, 5, 'CIRUGIA DENTOMAXILAR-PREQUIRURGICO'),
(328, 5, 'CIRUGIA DENTOMAXILAR-POST ALTA'),
(178, 10, 'PRENUPCIALES'),
(205, 10, 'FIBROSIS QUISTICA'),
(275, 10, 'CLINICA MEDICA - DIABETES'),
(390, 10, 'DIVERSIDAD SEXUAL'),
(165, 47, 'FONDO DE OJOS'),
(201, 47, 'TRATAMIENTO LASER'),
(202, 47, 'ECOMETRIA'),
(203, 47, 'ECOGRAFIA OFTALMICA'),
(204, 47, 'PRUEBA DE BORRONES'),
(386, 47, 'CATARATA'),
(387, 47, 'INTRAVITREA'),
(9, 48, 'TRABAJO SOCIAL'),
(18, 48, 'ONCOLOGIA'),
(177, 48, '1ERA VEZ'),
(213, 48, 'COMITE (docencia, investigaciòn, etc.)'),
(271, 48, 'ONCOLOGIA - NUTRICION'),
(331, 48, 'ONCOLOGIA-ADMISION'),
(363, 48, 'ASESORAMIENTO GENÉTICO ONCOLÓGICO (AGO)'),
(88, 49, 'NEONATOLOGIA'),
(196, 49, 'SEGUIMIENTO ORTOPEDICO'),
(197, 49, 'MIEMBRO SUPERIOR'),
(198, 49, 'PIE DIABETICO'),
(199, 49, 'RODILLA'),
(200, 49, 'TOBILLO Y PIE'),
(269, 49, 'POST ALTA - CURACIONES'),
(279, 49, 'POST ALTA - RECITACIONES'),
(142, 50, 'OTORRINOLARINGOLOGIA'),
(168, 50, 'AUDIOLOGIA'),
(288, 50, 'OTORRINOLARINGOLOGIA-OIDO'),
(154, 64, 'PROCTOLOGIA'),
(157, 73, 'TOXICOLOGIA'),
(151, 74, 'GENETICA'),
(193, 75, 'DISFUNCION SEXUAL'),
(144, 85, 'CIRUGIA CARDIOVASCULAR'),
(145, 85, 'CIRUGIA CABEZA Y CUELLO'),
(147, 85, 'CIRUGIA LAPAROSCOPICA'),
(148, 85, 'CIRUGIA ONCOLOGICA'),
(150, 85, 'CIRUGIA TORAXICA'),
(188, 85, 'CIRUGIA PARED ABDOMINAL'),
(264, 85, 'CIRUGIA PLASTICA-QUEMADOS'),
(118, 107, 'ENDOSCOPIA'),
(146, 109, 'GINECOLOGIA SEGUNDO NIVEL'),
(152, 109, 'COLPOSCOPIA ALTO RIESGO'),
(153, 109, 'ENDOCRINO Y REPRODUCCIÓN'),
(207, 109, 'LIGADURA TUBARIA VIDEOLAPAR'),
(215, 109, 'PATOLOGIA MAMARIA POST ALTA'),
(217, 109, 'GINECOLOGÍA SEGUIMIENTO'),
(231, 109, 'COLPOSCOPIA BAJO RIESGO'),
(252, 109, 'GINECOLOGIA VIDEOLAPAROSCOPIA'),
(257, 109, 'GINECOLOGIA HISTEROSCOPIA'),
(371, 109, 'GINECOLOGIA UROLOGICA SEGUIMIENTO'),
(372, 109, 'GINECOLOGIA HISTEROSCOPIA SEGUIMIENTO'),
(60, 125, 'NEUROCIRUGIA'),
(122, 125, 'HEMODINAMIA'),
(313, 125, 'POST ALTA - DEMANDA'),
(195, 126, 'MIASTENIA'),
(185, 149, 'FLAP'),
(225, 149, 'AUDIOMETRIA INFANTIL'),
(319, 149, 'OTOEMISIONES POST ALTA NEONATAL'),
(332, 149, 'OTOEMISIONES SEGUIMIENTO'),
(370, 149, 'PEA PRIMERA EVALUACIÓN'),
(374, 149, 'PEA CON SEDACION'),
(111, 155, 'DIAG. POR IMAGENES (MAMOGRAFIA)'),
(262, 169, 'CUIDADOS PALIATIVOS - RECETAS'),
(160, 172, 'ONCOHEMATOLOGIA'),
(119, 193, 'ANESTESIOLOGIA'),
(141, 205, ' ADMISION ORTODONCIA'),
(183, 205, 'ORTODONCIA'),
(221, 205, 'PEDIATRIA  POST ALTA'),
(191, 206, 'AUDITORIA MEDICA'),
(192, 206, 'MEDICINA LABORAL'),
(72, 207, 'QUIROFANO'),
(338, 207, 'GINECOLOGIA - QUIROFANO'),
(339, 207, 'TRAUMATOLOGIA - QUIROFANO'),
(340, 207, 'OFTALMOLOGIA - QUIROFANO'),
(341, 207, 'DERMATOLOGIA - QUIROFANO'),
(342, 207, 'FLEBOLOGIA - QUIROFANO'),
(343, 207, 'PROCTOLOGIA - QUIROFANO'),
(344, 207, 'CIRUGIA GENERAL - QUIROFANO'),
(345, 207, 'MAXILO FACIAL - QUIROFANO'),
(346, 207, 'CIRUGIA PLASTICA - QUIROFANO'),
(347, 207, 'UROLOGIA - QUIROFANO'),
(348, 207, 'HEMATOLOGIA - QUIROFANO'),
(349, 207, 'OTORRINOLARINGOLOGIA - QUIROFANO'),
(350, 207, 'FONOAUDIOLOGIA - QUIROFANO'),
(352, 207, 'CIRUGIA CABZA Y CUELLO - QUIROFANO'),
(230, 214, 'PODOLOGIA'),
(243, 216, 'MEDICINA TRANSFUSIONAL'),
(278, 218, 'PROFILAXIS HIV'),
(31, 221, 'ENDOCRINOLOGIA INFANTIL'),
(381, 7, 'CONTROL EMBARAZO'),
(382, 7, 'GINECOLOGIA Y OBSTETRICIA'),
(379, 10, 'ANTIRRABICO-URGENCIAS INFECTOLOGIA'),
(378, 45, 'NUTRICION-DBT'),
(397, 45, 'UNIDAD SOPORTE NUTRICIONAL'),
(259, 65, 'CUIDADOS ESPECIALES PIE DIABETICO'),
(376, 82, 'INMUNOLOGIA'),
(375, 133, 'DERMATOLOGIA INFANTIL'),
(396, 133, 'CRIOCIRUGIA'),
(291, 149, 'FONOAUDIOLOGÍA ADMISION'),
(398, 149, 'FONOAUDIOLOGIA NIÑOS'),
(25, 164, 'VACUNACION'),
(45, 164, 'ALERGIA'),
(394, 164, 'TESTIFICACION ALERGIA'),
(393, 209, 'ACUPUNTURA'),
(377, 225, 'HEPATOLOGIA'),
(251, 4, 'MATRICIAL'),
(43, 2, 'TOMA MUESTRA PARA LABORATORIO'),
(41, 11, 'TALLER DE PEDIATRIA'),
(68, 49, 'TRAUMATO Y ORTOPEDIA INFANTIL'),
(258, 65, 'CUIDADOS ESPECIALES DOLOR CRONICO'),
(38, 155, 'ECOGRAFIA INFANTIL'),
(321, 155, 'DIAG. POR IMAGENES (MAMOGRAFIA FOCALIZADA)'),
(333, 223, 'DISP. DESARROLLO INFANTIL  PSICOLOGIA'),
(337, 223, 'DISP. DESARROLLO INFANTIL  PEDIATRIA'),
(354, 223, 'DISP. DESARROLLO INFANTIL - MUSICOTERAPEUTA'),
(356, 223, 'DISP.DESARROLLO INFANTIL-FONOAUDIOLOGIA'),
(357, 223, 'DISP.DESARROLLO INFANTIL-PSICOPEDAGOGIA'),
(255, 155, 'ECOGRAFIA OBSTETRICA'),
(256, 155, 'ECOGRAFIA GINECOLOGICA'),
(320, 6, 'PSICOPEDAGOGIA'),
(236, 210, 'LAZOS POBLACIONALES (INFANCIAS Y ADOLESCENCIAS)'),
(237, 210, 'LAZOS POBLACIONALES (MUJERES)'),
(240, 210, 'DESARROLLO INFANTIL'),
(3, 2, 'ENFERMERIA'),
(23, 159, 'ESPECIALIDAD PRUEBA'),
(253, 155, 'ECOGRAFIA TRANSVAGINAL'),
(226, 6, 'ANTROPOLOGIA');


CREATE TABLE IF NOT EXISTS efe_ser_esp(
    id INT  PRIMARY KEY NOT NULL,
    id_efector INT NOT NULL,
    id_servicio INT NOT NULL,
    id_especialidad INT NOT NULL,
    FOREIGN KEY (id_efector) REFERENCES efector(id),
    FOREIGN KEY (id_servicio) REFERENCES servicio(id),
    FOREIGN KEY (id_especialidad) REFERENCES especialidad(id)
);

INSERT INTO efe_ser_esp (id, id_efector, id_servicio, id_especialidad) VALUES
(1623, 1, 4, 229),
(1622, 1, 4, 302),
(1630, 1, 4, 304),
(1638, 1, 4, 309),
(786, 1, 5, 6),
(1999, 1, 5, 186),
(1863, 1, 5, 208),
(1746, 1, 5, 229),
(1747, 1, 5, 286),
(1874, 1, 5, 326),
(1514, 1, 6, 7),
(1515, 1, 6, 24),
(1530, 1, 9, 10),
(772, 1, 10, 11),
(1617, 1, 16, 149),
(1474, 1, 45, 166),
(1475, 1, 45, 229),
(1680, 1, 45, 315),
(1532, 1, 47, 19),
(1464, 1, 47, 261),
(1533, 1, 47, 284),
(2040, 1, 47, 395),
(1631, 1, 49, 13),
(1634, 1, 49, 229),
(1632, 1, 49, 286),
(1633, 1, 49, 305),
(1636, 1, 49, 306),
(1694, 1, 55, 158),
(1522, 1, 68, 36),
(1523, 1, 68, 229),
(1477, 1, 68, 276),
(1471, 1, 69, 20),
(1678, 1, 69, 229),
(778, 1, 71, 30),
(2014, 1, 71, 175),
(1560, 1, 71, 229),
(1564, 1, 71, 286),
(1569, 1, 71, 298),
(1567, 1, 75, 17),
(1709, 1, 75, 229),
(1568, 1, 75, 286),
(771, 1, 77, 22),
(1582, 1, 77, 33),
(1672, 1, 77, 162),
(1624, 1, 77, 171),
(1579, 1, 77, 189),
(1583, 1, 77, 281),
(1575, 1, 77, 286),
(1627, 1, 77, 303),
(1812, 1, 77, 359),
(1635, 1, 85, 112),
(1580, 1, 98, 14),
(1714, 1, 98, 229),
(1581, 1, 98, 286),
(1713, 1, 98, 303),
(1655, 1, 98, 310),
(1673, 1, 107, 34),
(1537, 1, 107, 113),
(1538, 1, 107, 229),
(1539, 1, 107, 286),
(780, 1, 109, 12),
(1681, 1, 109, 143),
(1640, 1, 109, 161),
(1565, 1, 109, 190),
(1682, 1, 109, 214),
(1561, 1, 109, 229),
(1562, 1, 109, 294),
(1570, 1, 109, 299),
(1637, 1, 109, 307),
(1810, 1, 109, 358),
(1818, 1, 109, 361),
(1852, 1, 109, 362),
(1862, 1, 109, 369),
(1106, 1, 110, 89),
(1783, 1, 110, 229),
(1628, 1, 110, 286),
(1528, 1, 124, 64),
(1573, 1, 124, 79),
(1529, 1, 124, 174),
(1574, 1, 124, 229),
(1552, 1, 124, 286),
(1506, 1, 126, 21),
(1704, 1, 126, 32),
(1507, 1, 126, 229),
(1540, 1, 126, 286),
(1707, 1, 126, 324),
(1526, 1, 133, 15),
(1527, 1, 133, 229),
(779, 1, 149, 27),
(1541, 1, 149, 172),
(1542, 1, 149, 173),
(1811, 1, 149, 194),
(1550, 1, 149, 285),
(1535, 1, 149, 286),
(1536, 1, 149, 287),
(1466, 1, 150, 26),
(1557, 1, 150, 61),
(1556, 1, 150, 286),
(1545, 1, 150, 290),
(1559, 1, 150, 293),
(1524, 1, 152, 84),
(1731, 1, 152, 229),
(1544, 1, 152, 286),
(1571, 1, 164, 300),
(1520, 1, 169, 53),
(1521, 1, 169, 229),
(1652, 1, 169, 286),
(1534, 1, 186, 2),
(1629, 1, 186, 167),
(1899, 1, 186, 311),
(1881, 1, 186, 362),
(1890, 1, 186, 373),
(1737, 1, 203, 169),
(1662, 1, 207, 12),
(1663, 1, 207, 15),
(1479, 1, 210, 277),
(1503, 1, 218, 280),
(1645, 1, 219, 281),
(1649, 1, 219, 282),
(1646, 1, 219, 283),
(1648, 1, 219, 289),
(1647, 1, 219, 297),
(1855, 1, 219, 364),
(2094, 2, 5, 42),
(1933, 2, 5, 103),
(2095, 2, 5, 139),
(1939, 2, 5, 186),
(2114, 2, 5, 208),
(2115, 2, 5, 209),
(1937, 2, 5, 229),
(2108, 2, 5, 401),
(2111, 2, 5, 402),
(1930, 2, 6, 7),
(1957, 2, 6, 24),
(1927, 2, 7, 8),
(2092, 2, 7, 56),
(2091, 2, 7, 286),
(1926, 2, 10, 11),
(1945, 2, 45, 166),
(807, 2, 47, 19),
(2082, 2, 47, 56),
(2083, 2, 47, 286),
(808, 2, 49, 13),
(2087, 2, 49, 56),
(2086, 2, 49, 286),
(1955, 2, 55, 158),
(1931, 2, 68, 36),
(2072, 2, 68, 56),
(2071, 2, 68, 286),
(1950, 2, 69, 20),
(2084, 2, 69, 56),
(2085, 2, 69, 286),
(800, 2, 71, 30),
(1946, 2, 75, 17),
(2088, 2, 75, 56),
(2089, 2, 75, 286),
(793, 2, 77, 22),
(2070, 2, 77, 56),
(2068, 2, 77, 286),
(1941, 2, 98, 14),
(2078, 2, 98, 286),
(2067, 2, 102, 103),
(2073, 2, 107, 56),
(1940, 2, 107, 113),
(2074, 2, 107, 286),
(1928, 2, 109, 12),
(806, 2, 110, 89),
(2075, 2, 110, 286),
(2080, 2, 124, 56),
(804, 2, 124, 64),
(1958, 2, 124, 79),
(2079, 2, 124, 286),
(1951, 2, 126, 21),
(1952, 2, 126, 32),
(2090, 2, 126, 56),
(2081, 2, 126, 286),
(1954, 2, 133, 15),
(2069, 2, 133, 56),
(1947, 2, 149, 27),
(2097, 2, 149, 229),
(2096, 2, 149, 285),
(1942, 2, 150, 26),
(2076, 2, 152, 56),
(1944, 2, 152, 84),
(2077, 2, 152, 286),
(2099, 2, 155, 35),
(2102, 2, 155, 37),
(2101, 2, 155, 242),
(2100, 2, 155, 254),
(2103, 2, 155, 399),
(1948, 2, 164, 300),
(796, 2, 169, 53),
(1929, 2, 186, 2),
(1953, 2, 203, 169),
(1943, 2, 204, 176),
(1938, 2, 205, 42),
(1935, 2, 205, 182),
(1500, 2, 210, 239),
(1956, 2, 211, 218),
(1453, 4, 109, 273),
(981, 5, 2, 40),
(980, 5, 2, 65),
(982, 5, 2, 162),
(983, 5, 2, 163),
(1675, 5, 2, 312),
(967, 5, 4, 5),
(1052, 5, 4, 11),
(1033, 5, 4, 84),
(1028, 5, 4, 187),
(1034, 5, 4, 190),
(2022, 5, 4, 391),
(949, 5, 5, 6),
(1026, 5, 5, 28),
(1651, 5, 5, 42),
(1114, 5, 5, 66),
(1214, 5, 5, 102),
(1067, 5, 5, 103),
(1025, 5, 5, 109),
(1020, 5, 5, 139),
(1080, 5, 5, 170),
(1021, 5, 5, 179),
(1022, 5, 5, 180),
(1023, 5, 5, 181),
(1024, 5, 5, 184),
(1027, 5, 5, 186),
(1154, 5, 5, 189),
(1066, 5, 5, 206),
(1068, 5, 5, 208),
(1741, 5, 5, 326),
(1743, 5, 5, 327),
(1742, 5, 5, 328),
(1013, 5, 10, 11),
(1019, 5, 10, 178),
(1065, 5, 10, 205),
(1468, 5, 10, 275),
(2012, 5, 10, 390),
(991, 5, 45, 166),
(1220, 5, 45, 229),
(942, 5, 47, 19),
(993, 5, 47, 165),
(1003, 5, 47, 170),
(1064, 5, 47, 201),
(1062, 5, 47, 202),
(1061, 5, 47, 203),
(1063, 5, 47, 204),
(1516, 5, 47, 229),
(1378, 5, 47, 261),
(2005, 5, 47, 386),
(2006, 5, 47, 387),
(974, 5, 48, 7),
(1355, 5, 48, 9),
(943, 5, 48, 18),
(1012, 5, 48, 177),
(1079, 5, 48, 213),
(1446, 5, 48, 271),
(1757, 5, 48, 331),
(1854, 5, 48, 363),
(947, 5, 49, 13),
(1054, 5, 49, 18),
(1031, 5, 49, 88),
(997, 5, 49, 170),
(1057, 5, 49, 196),
(1053, 5, 49, 197),
(1055, 5, 49, 198),
(1056, 5, 49, 199),
(1058, 5, 49, 200),
(1440, 5, 49, 269),
(1502, 5, 49, 279),
(944, 5, 50, 142),
(1047, 5, 50, 168),
(1029, 5, 50, 170),
(1543, 5, 50, 288),
(959, 5, 55, 158),
(969, 5, 64, 154),
(1363, 5, 64, 170),
(939, 5, 68, 36),
(946, 5, 69, 20),
(2007, 5, 69, 229),
(958, 5, 71, 30),
(1572, 5, 71, 175),
(970, 5, 73, 157),
(960, 5, 74, 151),
(968, 5, 75, 17),
(987, 5, 75, 18),
(1000, 5, 75, 170),
(1046, 5, 75, 193),
(1310, 5, 77, 5),
(937, 5, 77, 22),
(996, 5, 77, 170),
(1004, 5, 77, 171),
(1032, 5, 77, 189),
(953, 5, 85, 112),
(952, 5, 85, 144),
(951, 5, 85, 145),
(954, 5, 85, 147),
(955, 5, 85, 148),
(956, 5, 85, 149),
(957, 5, 85, 150),
(998, 5, 85, 170),
(1030, 5, 85, 188),
(1402, 5, 85, 264),
(935, 5, 98, 14),
(940, 5, 107, 113),
(984, 5, 107, 118),
(1081, 5, 107, 170),
(963, 5, 109, 12),
(990, 5, 109, 18),
(965, 5, 109, 143),
(961, 5, 109, 146),
(964, 5, 109, 152),
(962, 5, 109, 153),
(979, 5, 109, 161),
(1001, 5, 109, 170),
(1059, 5, 109, 207),
(1084, 5, 109, 214),
(1083, 5, 109, 215),
(1097, 5, 109, 217),
(1225, 5, 109, 231),
(1313, 5, 109, 252),
(1356, 5, 109, 257),
(1461, 5, 109, 273),
(1879, 5, 109, 371),
(1886, 5, 109, 372),
(1749, 5, 110, 9),
(1049, 5, 110, 18),
(933, 5, 110, 89),
(936, 5, 124, 64),
(1010, 5, 124, 118),
(1050, 5, 124, 170),
(1009, 5, 124, 174),
(966, 5, 125, 60),
(977, 5, 125, 122),
(999, 5, 125, 170),
(1676, 5, 125, 313),
(941, 5, 126, 21),
(1002, 5, 126, 170),
(1005, 5, 126, 175),
(1051, 5, 126, 195),
(938, 5, 133, 15),
(1008, 5, 149, 168),
(1006, 5, 149, 172),
(1007, 5, 149, 173),
(1087, 5, 149, 185),
(1048, 5, 149, 194),
(1215, 5, 149, 225),
(1695, 5, 149, 319),
(1758, 5, 149, 332),
(1878, 5, 149, 370),
(1892, 5, 149, 374),
(1693, 5, 150, 18),
(945, 5, 150, 26),
(1070, 5, 150, 177),
(1014, 5, 152, 5),
(934, 5, 152, 84),
(1375, 5, 152, 88),
(1119, 5, 152, 170),
(1801, 5, 155, 111),
(1891, 5, 169, 7),
(976, 5, 169, 30),
(975, 5, 169, 53),
(1396, 5, 169, 262),
(995, 5, 172, 160),
(972, 5, 186, 2),
(1437, 5, 186, 88),
(973, 5, 186, 167),
(950, 5, 193, 119),
(992, 5, 203, 169),
(1011, 5, 204, 176),
(1127, 5, 205, 42),
(1457, 5, 205, 103),
(1132, 5, 205, 141),
(1015, 5, 205, 182),
(1016, 5, 205, 183),
(1118, 5, 205, 184),
(1018, 5, 205, 185),
(1117, 5, 205, 208),
(1073, 5, 205, 209),
(1115, 5, 205, 221),
(1044, 5, 206, 7),
(1038, 5, 206, 11),
(1041, 5, 206, 12),
(1172, 5, 206, 13),
(1037, 5, 206, 22),
(1045, 5, 206, 24),
(1042, 5, 206, 26),
(1039, 5, 206, 40),
(1279, 5, 206, 64),
(1035, 5, 206, 168),
(1040, 5, 206, 174),
(1071, 5, 206, 176),
(1036, 5, 206, 191),
(1043, 5, 206, 192),
(1072, 5, 206, 194),
(1077, 5, 207, 12),
(1078, 5, 207, 17),
(1069, 5, 207, 72),
(1774, 5, 207, 338),
(1780, 5, 207, 339),
(1777, 5, 207, 340),
(1771, 5, 207, 341),
(1772, 5, 207, 342),
(1779, 5, 207, 343),
(1769, 5, 207, 344),
(1776, 5, 207, 345),
(1770, 5, 207, 346),
(1781, 5, 207, 347),
(1775, 5, 207, 348),
(1778, 5, 207, 349),
(1773, 5, 207, 350),
(1792, 5, 207, 352),
(1086, 5, 208, 5),
(1085, 5, 208, 151),
(1088, 5, 209, 10),
(1169, 5, 211, 218),
(1224, 5, 214, 230),
(1278, 5, 216, 243),
(1501, 5, 218, 278),
(1659, 5, 218, 311),
(2013, 5, 219, 390),
(1683, 5, 221, 31),
(1751, 6, 149, 287),
(1173, 7, 5, 6),
(1984, 7, 5, 66),
(2044, 7, 5, 206),
(2043, 7, 5, 208),
(761, 7, 6, 7),
(2093, 7, 6, 24),
(2045, 7, 6, 139),
(1971, 7, 7, 8),
(1973, 7, 7, 299),
(1972, 7, 7, 381),
(1982, 7, 7, 382),
(2036, 7, 9, 10),
(745, 7, 10, 11),
(1914, 7, 10, 275),
(2031, 7, 10, 379),
(2105, 7, 10, 395),
(1924, 7, 45, 166),
(1923, 7, 45, 229),
(1922, 7, 45, 378),
(2063, 7, 45, 397),
(765, 7, 47, 19),
(1918, 7, 49, 13),
(2107, 7, 49, 196),
(1425, 7, 59, 243),
(2104, 7, 65, 259),
(2113, 7, 68, 31),
(1917, 7, 68, 36),
(1901, 7, 69, 20),
(751, 7, 71, 30),
(1915, 7, 75, 17),
(1959, 7, 77, 22),
(2042, 7, 77, 40),
(2041, 7, 77, 162),
(1962, 7, 77, 171),
(2030, 7, 77, 229),
(1912, 7, 82, 376),
(1920, 7, 85, 112),
(1913, 7, 98, 14),
(1902, 7, 98, 310),
(1921, 7, 102, 103),
(1894, 7, 107, 113),
(1983, 7, 109, 381),
(1981, 7, 109, 382),
(1916, 7, 110, 89),
(755, 7, 124, 64),
(1896, 7, 126, 21),
(747, 7, 133, 15),
(2047, 7, 133, 112),
(1903, 7, 133, 375),
(2048, 7, 133, 396),
(2064, 7, 149, 27),
(2066, 7, 149, 291),
(2065, 7, 149, 398),
(764, 7, 152, 84),
(1925, 7, 152, 379),
(2039, 7, 164, 25),
(2037, 7, 164, 45),
(1895, 7, 164, 300),
(2038, 7, 164, 394),
(1919, 7, 169, 53),
(756, 7, 186, 2),
(2057, 7, 186, 177),
(2033, 7, 209, 393),
(1900, 7, 214, 230),
(1985, 7, 225, 377),
(67, 10, 5, 6),
(633, 10, 6, 7),
(908, 10, 6, 24),
(769, 10, 7, 8),
(165, 10, 9, 10),
(164, 10, 10, 11),
(467, 10, 11, 2),
(1518, 10, 149, 27),
(1988, 10, 155, 35),
(1344, 11, 4, 251),
(60, 11, 5, 6),
(610, 11, 5, 42),
(637, 11, 6, 7),
(1321, 11, 6, 24),
(454, 11, 7, 8),
(559, 11, 8, 9),
(455, 11, 9, 10),
(1377, 11, 9, 174),
(453, 11, 10, 11),
(456, 11, 11, 2),
(1867, 11, 47, 261),
(1229, 11, 149, 27),
(1465, 11, 150, 26),
(1766, 11, 155, 35),
(1499, 11, 210, 239),
(1342, 12, 4, 251),
(55, 12, 5, 6),
(543, 12, 6, 7),
(1472, 12, 6, 24),
(485, 12, 7, 8),
(437, 12, 9, 10),
(436, 12, 10, 11),
(438, 12, 11, 2),
(1107, 12, 149, 27),
(2112, 12, 155, 111),
(1185, 12, 210, 218),
(647, 13, 2, 43),
(1343, 13, 4, 251),
(57, 13, 5, 6),
(639, 13, 6, 7),
(1144, 13, 6, 24),
(333, 13, 7, 8),
(172, 13, 9, 10),
(173, 13, 10, 11),
(171, 13, 11, 2),
(1110, 13, 149, 27),
(392, 14, 4, 5),
(49, 14, 5, 6),
(539, 14, 6, 7),
(540, 14, 6, 24),
(561, 14, 8, 9),
(391, 14, 9, 10),
(390, 14, 11, 2),
(1752, 14, 45, 166),
(2009, 14, 124, 174),
(565, 14, 149, 27),
(1394, 14, 150, 26),
(2106, 14, 155, 35),
(497, 16, 9, 10),
(495, 16, 10, 11),
(496, 16, 11, 2),
(638, 18, 6, 7),
(660, 18, 7, 8),
(661, 18, 9, 10),
(245, 18, 10, 11),
(246, 18, 11, 2),
(81, 19, 5, 6),
(1753, 19, 5, 28),
(607, 19, 6, 7),
(642, 19, 6, 24),
(82, 19, 9, 10),
(84, 19, 10, 11),
(83, 19, 11, 2),
(85, 19, 67, 7),
(368, 19, 149, 27),
(2010, 19, 155, 35),
(1490, 19, 210, 239),
(68, 21, 5, 6),
(1231, 21, 6, 24),
(537, 21, 7, 8),
(433, 21, 9, 10),
(1388, 21, 9, 261),
(432, 21, 10, 11),
(434, 21, 11, 2),
(1856, 21, 45, 166),
(923, 21, 149, 27),
(1887, 21, 155, 35),
(1756, 21, 203, 169),
(1486, 21, 210, 239),
(463, 22, 2, 40),
(378, 22, 4, 5),
(1298, 22, 4, 251),
(54, 22, 5, 6),
(1353, 22, 5, 103),
(1095, 22, 5, 170),
(1354, 22, 5, 179),
(1094, 22, 5, 184),
(1093, 22, 5, 208),
(1865, 22, 5, 229),
(1825, 22, 5, 326),
(1826, 22, 5, 327),
(1827, 22, 5, 328),
(350, 22, 6, 7),
(351, 22, 6, 24),
(569, 22, 8, 9),
(1099, 22, 9, 10),
(1385, 22, 9, 261),
(348, 22, 10, 11),
(349, 22, 11, 2),
(464, 22, 11, 41),
(1361, 22, 45, 166),
(359, 22, 49, 13),
(1345, 22, 49, 68),
(1369, 22, 65, 258),
(386, 22, 68, 31),
(358, 22, 68, 36),
(354, 22, 69, 20),
(360, 22, 71, 30),
(355, 22, 77, 22),
(385, 22, 77, 33),
(1102, 22, 77, 189),
(1123, 22, 98, 14),
(1696, 22, 98, 310),
(387, 22, 107, 34),
(1100, 22, 107, 113),
(379, 22, 109, 12),
(1226, 22, 109, 231),
(1373, 22, 118, 166),
(1309, 22, 124, 64),
(1389, 22, 124, 79),
(1452, 22, 124, 174),
(353, 22, 126, 21),
(388, 22, 126, 32),
(356, 22, 133, 15),
(518, 22, 149, 27),
(357, 22, 150, 26),
(1122, 22, 152, 84),
(389, 22, 155, 35),
(384, 22, 155, 37),
(383, 22, 155, 38),
(1103, 22, 155, 111),
(1274, 22, 155, 242),
(1706, 22, 155, 321),
(1338, 22, 169, 53),
(1697, 22, 203, 169),
(1488, 22, 210, 239),
(1788, 22, 223, 333),
(1787, 22, 223, 337),
(1803, 22, 223, 354),
(1805, 22, 223, 356),
(1807, 22, 223, 357),
(528, 23, 2, 40),
(56, 23, 5, 6),
(377, 23, 6, 7),
(527, 23, 6, 24),
(373, 23, 7, 8),
(1585, 23, 8, 9),
(371, 23, 9, 10),
(376, 23, 10, 11),
(370, 23, 11, 2),
(381, 23, 77, 22),
(1460, 23, 109, 231),
(382, 23, 149, 27),
(1987, 23, 155, 35),
(558, 24, 4, 5),
(73, 24, 5, 6),
(2110, 24, 5, 170),
(2109, 24, 5, 208),
(99, 24, 6, 7),
(1140, 24, 6, 24),
(100, 24, 7, 8),
(102, 24, 8, 9),
(98, 24, 9, 10),
(1384, 24, 9, 261),
(104, 24, 10, 11),
(96, 24, 11, 2),
(1330, 24, 45, 166),
(1275, 24, 68, 36),
(1861, 24, 69, 20),
(1331, 24, 77, 22),
(1346, 24, 107, 113),
(101, 24, 109, 12),
(1329, 24, 124, 64),
(1397, 24, 124, 79),
(1352, 24, 126, 21),
(1438, 24, 133, 15),
(851, 24, 149, 27),
(103, 24, 150, 26),
(1398, 24, 155, 35),
(1400, 24, 155, 255),
(1399, 24, 155, 256),
(1745, 24, 203, 169),
(1487, 24, 210, 239),
(52, 25, 5, 6),
(575, 25, 6, 7),
(921, 25, 6, 24),
(562, 25, 8, 9),
(450, 25, 9, 10),
(531, 25, 10, 11),
(449, 25, 11, 2),
(566, 25, 149, 27),
(932, 25, 150, 26),
(1525, 25, 155, 35),
(2028, 25, 204, 176),
(1125, 25, 210, 218),
(1584, 25, 210, 239),
(521, 26, 9, 10),
(522, 26, 10, 11),
(520, 26, 11, 2),
(512, 29, 4, 5),
(70, 29, 5, 6),
(514, 29, 6, 7),
(919, 29, 6, 24),
(2015, 29, 6, 320),
(517, 29, 8, 9),
(511, 29, 9, 10),
(510, 29, 10, 11),
(509, 29, 11, 2),
(513, 29, 109, 12),
(641, 29, 149, 27),
(515, 29, 150, 26),
(1748, 29, 155, 35),
(1800, 29, 203, 169),
(1485, 29, 210, 239),
(538, 31, 5, 6),
(1358, 31, 5, 208),
(42, 31, 6, 7),
(41, 31, 7, 8),
(1216, 31, 8, 9),
(45, 31, 9, 10),
(39, 31, 10, 11),
(40, 31, 11, 2),
(564, 31, 149, 27),
(2018, 31, 155, 35),
(58, 32, 5, 6),
(1130, 32, 5, 139),
(1131, 32, 5, 170),
(472, 32, 6, 7),
(1113, 32, 6, 24),
(1717, 32, 6, 320),
(471, 32, 7, 8),
(469, 32, 9, 10),
(470, 32, 10, 11),
(468, 32, 11, 2),
(473, 32, 149, 27),
(1795, 32, 155, 35),
(1496, 32, 210, 239),
(740, 33, 4, 5),
(71, 33, 5, 6),
(484, 33, 6, 7),
(915, 33, 6, 24),
(1898, 33, 6, 320),
(406, 33, 9, 10),
(404, 33, 10, 11),
(405, 33, 11, 2),
(739, 33, 109, 12),
(1549, 33, 149, 27),
(1558, 33, 149, 291),
(1808, 33, 155, 35),
(1768, 33, 203, 169),
(1181, 33, 210, 218),
(66, 34, 5, 6),
(632, 34, 6, 7),
(905, 34, 6, 24),
(1710, 34, 6, 320),
(461, 34, 7, 8),
(568, 34, 8, 9),
(458, 34, 9, 10),
(459, 34, 10, 11),
(460, 34, 11, 2),
(1111, 34, 149, 27),
(1734, 34, 155, 35),
(1180, 34, 210, 218),
(1251, 34, 210, 236),
(1653, 34, 210, 237),
(1239, 34, 210, 240),
(552, 35, 5, 6),
(553, 35, 6, 7),
(907, 35, 6, 24),
(443, 35, 7, 8),
(1897, 35, 8, 9),
(444, 35, 9, 10),
(445, 35, 10, 11),
(442, 35, 11, 2),
(644, 35, 149, 27),
(1728, 35, 155, 35),
(1494, 35, 210, 239),
(61, 36, 5, 6),
(576, 36, 6, 7),
(1116, 36, 6, 24),
(606, 36, 7, 8),
(408, 36, 9, 10),
(407, 36, 10, 11),
(431, 36, 11, 2),
(1639, 36, 149, 27),
(2001, 36, 150, 26),
(1729, 36, 155, 35),
(1497, 36, 210, 239),
(59, 37, 5, 6),
(605, 37, 6, 7),
(1221, 37, 6, 24),
(1719, 37, 6, 320),
(367, 37, 7, 8),
(1374, 37, 8, 9),
(1101, 37, 9, 10),
(342, 37, 10, 11),
(343, 37, 11, 2),
(1791, 37, 149, 27),
(447, 38, 4, 5),
(74, 38, 5, 6),
(635, 38, 6, 7),
(910, 38, 6, 24),
(920, 38, 7, 8),
(446, 38, 9, 10),
(397, 38, 10, 11),
(395, 38, 11, 2),
(1784, 38, 45, 166),
(889, 38, 67, 7),
(396, 38, 109, 12),
(1519, 38, 149, 27),
(1740, 38, 155, 35),
(1493, 38, 210, 239),
(23, 39, 5, 6),
(28, 39, 6, 7),
(912, 39, 6, 24),
(27, 39, 7, 8),
(1586, 39, 8, 9),
(30, 39, 9, 10),
(46, 39, 10, 11),
(22, 39, 11, 2),
(29, 39, 109, 12),
(1703, 39, 149, 27),
(1876, 39, 155, 35),
(63, 40, 5, 6),
(346, 40, 6, 7),
(1121, 40, 6, 24),
(345, 40, 9, 10),
(1454, 40, 9, 261),
(399, 40, 10, 11),
(344, 40, 11, 2),
(1134, 40, 149, 27),
(1735, 40, 155, 35),
(1782, 40, 203, 169),
(1492, 40, 210, 239),
(77, 41, 5, 6),
(554, 41, 6, 7),
(654, 41, 6, 24),
(616, 41, 7, 8),
(556, 41, 8, 9),
(452, 41, 9, 10),
(451, 41, 10, 11),
(555, 41, 11, 2),
(655, 41, 67, 7),
(1228, 41, 149, 27),
(2000, 41, 150, 26),
(1866, 41, 155, 35),
(69, 42, 5, 6),
(657, 42, 6, 7),
(911, 42, 6, 24),
(545, 42, 7, 8),
(1618, 42, 8, 9),
(494, 42, 9, 10),
(492, 42, 10, 11),
(493, 42, 11, 2),
(2002, 42, 133, 15),
(2003, 42, 133, 229),
(1736, 42, 149, 27),
(491, 43, 6, 7),
(916, 43, 6, 24),
(536, 43, 7, 8),
(1445, 43, 8, 9),
(490, 43, 9, 10),
(488, 43, 10, 11),
(489, 43, 11, 2),
(1120, 43, 71, 30),
(1882, 43, 149, 27),
(532, 43, 150, 26),
(1990, 43, 155, 35),
(1482, 43, 210, 239),
(51, 44, 5, 6),
(482, 44, 6, 7),
(1210, 44, 6, 24),
(479, 44, 7, 8),
(478, 44, 9, 10),
(480, 44, 10, 11),
(481, 44, 11, 2),
(1625, 44, 149, 27),
(1733, 44, 155, 35),
(656, 45, 6, 7),
(526, 45, 8, 9),
(524, 45, 9, 10),
(523, 45, 10, 11),
(525, 45, 11, 2),
(75, 47, 5, 6),
(818, 47, 6, 7),
(1142, 47, 6, 24),
(573, 47, 8, 9),
(256, 47, 9, 10),
(255, 47, 10, 11),
(254, 47, 11, 2),
(904, 47, 109, 12),
(1143, 47, 149, 27),
(1853, 47, 155, 35),
(1997, 47, 210, 236),
(615, 48, 5, 6),
(429, 48, 6, 7),
(1222, 48, 6, 24),
(426, 48, 7, 8),
(427, 48, 9, 10),
(428, 48, 10, 11),
(430, 48, 11, 2),
(1171, 48, 149, 27),
(2019, 48, 155, 35),
(1495, 48, 210, 239),
(729, 50, 4, 5),
(535, 50, 5, 6),
(1091, 50, 5, 170),
(1090, 50, 5, 184),
(1092, 50, 5, 186),
(1089, 50, 5, 208),
(634, 50, 6, 7),
(906, 50, 6, 24),
(727, 50, 7, 8),
(617, 50, 8, 9),
(549, 50, 9, 10),
(1443, 50, 9, 261),
(551, 50, 10, 11),
(1722, 50, 10, 275),
(550, 50, 11, 2),
(1372, 50, 45, 166),
(1459, 50, 47, 261),
(1339, 50, 49, 13),
(1368, 50, 65, 258),
(1277, 50, 68, 36),
(888, 50, 69, 20),
(1610, 50, 71, 30),
(1276, 50, 77, 22),
(1873, 50, 98, 14),
(1307, 50, 107, 113),
(728, 50, 109, 12),
(1877, 50, 109, 231),
(1306, 50, 124, 64),
(1395, 50, 124, 79),
(1337, 50, 124, 174),
(1364, 50, 126, 21),
(1308, 50, 133, 15),
(643, 50, 149, 27),
(1554, 50, 149, 291),
(1312, 50, 152, 84),
(1297, 50, 155, 35),
(1336, 50, 155, 242),
(1436, 50, 155, 254),
(1349, 50, 155, 255),
(1348, 50, 155, 256),
(1311, 50, 169, 53),
(1611, 50, 204, 176),
(1491, 50, 210, 239),
(62, 52, 5, 6),
(503, 52, 6, 7),
(890, 52, 6, 24),
(502, 52, 7, 8),
(504, 52, 8, 9),
(501, 52, 9, 10),
(499, 52, 10, 11),
(500, 52, 11, 2),
(1211, 52, 149, 27),
(2056, 52, 155, 35),
(1893, 59, 150, 26),
(1986, 59, 224, 337),
(1509, 62, 10, 11),
(1510, 62, 11, 2),
(1362, 62, 109, 231),
(50, 63, 5, 6),
(924, 63, 5, 139),
(640, 63, 6, 7),
(1146, 63, 6, 24),
(544, 63, 7, 8),
(612, 63, 8, 9),
(417, 63, 9, 10),
(415, 63, 10, 11),
(416, 63, 11, 2),
(2008, 63, 124, 174),
(1889, 63, 133, 15),
(486, 63, 149, 27),
(1626, 63, 150, 26),
(1824, 63, 155, 35),
(577, 64, 4, 5),
(64, 64, 5, 6),
(424, 64, 6, 7),
(918, 64, 6, 24),
(419, 64, 9, 10),
(420, 64, 10, 11),
(421, 64, 11, 2),
(423, 64, 71, 30),
(477, 64, 109, 12),
(475, 64, 149, 27),
(422, 64, 150, 26),
(2017, 64, 155, 35),
(1765, 64, 203, 169),
(18, 65, 5, 6),
(19, 65, 6, 7),
(1476, 65, 6, 24),
(17, 65, 9, 10),
(742, 65, 10, 11),
(15, 65, 11, 2),
(567, 65, 149, 27),
(1727, 65, 155, 35),
(72, 91, 5, 6),
(631, 91, 6, 7),
(909, 91, 6, 24),
(169, 91, 9, 10),
(168, 91, 10, 11),
(167, 91, 11, 2),
(1517, 91, 149, 27),
(2004, 91, 155, 35),
(614, 93, 5, 6),
(93, 93, 6, 7),
(913, 93, 6, 24),
(1961, 93, 6, 320),
(10, 93, 7, 8),
(331, 93, 9, 10),
(11, 93, 10, 11),
(9, 93, 11, 2),
(645, 93, 149, 27),
(1555, 93, 149, 291),
(1732, 93, 155, 35),
(1553, 95, 5, 6),
(508, 95, 6, 7),
(1141, 95, 6, 24),
(533, 95, 7, 8),
(507, 95, 9, 10),
(505, 95, 10, 11),
(506, 95, 11, 2),
(922, 95, 149, 27),
(1794, 95, 155, 35),
(1483, 95, 210, 239),
(3, 96, 4, 5),
(4, 96, 6, 7),
(21, 96, 6, 24),
(6, 96, 7, 8),
(767, 96, 8, 9),
(8, 96, 9, 10),
(7, 96, 10, 11),
(5, 96, 11, 2),
(76, 96, 109, 12),
(112, 96, 133, 15),
(2016, 96, 149, 27),
(13, 100, 2, 3),
(2035, 100, 5, 6),
(12, 100, 159, 23),
(1213, 101, 2, 40),
(1305, 101, 4, 251),
(38, 101, 5, 6),
(36, 101, 6, 7),
(113, 101, 6, 24),
(31, 101, 7, 8),
(32, 101, 9, 10),
(1381, 101, 9, 261),
(33, 101, 10, 11),
(35, 101, 11, 2),
(1334, 101, 45, 166),
(1380, 101, 47, 19),
(1359, 101, 49, 13),
(1370, 101, 65, 258),
(650, 101, 68, 36),
(1641, 101, 71, 30),
(1371, 101, 77, 5),
(652, 101, 77, 22),
(1227, 101, 98, 14),
(1332, 101, 107, 113),
(1096, 101, 109, 152),
(1340, 101, 124, 64),
(1357, 101, 126, 21),
(1419, 101, 133, 15),
(114, 101, 149, 27),
(1888, 101, 152, 84),
(1322, 101, 155, 35),
(1323, 101, 155, 242),
(1324, 101, 155, 253),
(1333, 101, 155, 254),
(1880, 101, 155, 255),
(1350, 101, 169, 53),
(1698, 101, 203, 169),
(1642, 101, 204, 176),
(1489, 101, 210, 239),
(91, 102, 5, 6),
(730, 102, 6, 7),
(917, 102, 6, 24),
(465, 102, 9, 10),
(466, 102, 10, 11),
(530, 102, 11, 2),
(529, 102, 77, 22),
(1444, 102, 149, 27),
(1128, 103, 2, 40),
(741, 103, 5, 6),
(636, 103, 6, 7),
(914, 103, 6, 24),
(1960, 103, 6, 320),
(563, 103, 8, 9),
(79, 103, 9, 10),
(80, 103, 11, 2),
(1793, 103, 149, 27),
(1809, 103, 155, 35),
(1365, 114, 217, 7),
(1366, 114, 217, 24),
(1367, 114, 217, 176),
(1819, 114, 218, 280),
(581, 179, 5, 6),
(582, 179, 6, 7),
(1182, 179, 6, 24),
(585, 179, 7, 8),
(852, 179, 8, 9),
(580, 179, 9, 10),
(579, 179, 10, 11),
(578, 179, 11, 2),
(1817, 179, 45, 166),
(1799, 179, 47, 165),
(1473, 179, 47, 261),
(1860, 179, 69, 20),
(1108, 179, 71, 30),
(1376, 179, 77, 22),
(1868, 179, 98, 14),
(586, 179, 109, 12),
(1875, 179, 124, 64),
(1347, 179, 126, 21),
(1109, 179, 149, 27),
(1273, 179, 150, 26),
(1883, 179, 152, 84),
(1730, 179, 155, 35),
(2058, 179, 155, 255),
(1498, 179, 210, 239),
(1165, 225, 6, 7),
(1166, 225, 6, 24),
(1168, 225, 8, 9),
(1183, 225, 9, 10),
(1566, 231, 5, 6),
(1393, 231, 6, 7),
(1392, 231, 8, 9),
(1390, 231, 9, 10),
(1619, 231, 71, 30),
(1548, 231, 149, 27),
(1620, 231, 150, 26),
(2027, 231, 155, 35),
(1621, 231, 204, 176),
(1996, 231, 210, 236),
(1870, 237, 6, 9),
(1869, 237, 6, 226),
(1669, 238, 5, 6),
(1822, 238, 5, 170),
(1821, 238, 5, 208),
(1667, 238, 6, 24),
(1668, 238, 9, 10),
(1702, 238, 10, 11),
(1670, 238, 11, 2),
(1671, 238, 149, 27),
(1701, 238, 150, 26),
(1767, 238, 155, 35);

CREATE TABLE IF NOT EXISTS turno(
    id INT(20) PRIMARY KEY NOT NULL,
    id_estado INT NOT NULL,
    msj_confirmado TINYINT(1) NOT NULL,
    msj_reprogramado TINYINT(1) NOT NULL,
    msj_cancelado TINYINT(1) NOT NULL,
    msj_recordatorio TINYINT(1) NOT NULL,
    id_efe_ser_esp INT NOT NULL,
    fecha DATE NOT NULL,
    hora TIME NOT NULL,
    FOREIGN KEY (id_estado) REFERENCES estado_turno(id),
    FOREIGN KEY (id_efe_ser_esp) REFERENCES efe_ser_esp(id)
);


-- Tabla de mensajes enviados
CREATE TABLE IF NOT EXISTS mensaje (
    id INT AUTO_INCREMENT PRIMARY KEY NOT NULL,
    id_mensaje VARCHAR(32) NULL,
    id_turno INT(20) NULL,
    numero VARCHAR(24) NOT NULL,
    id_plantilla INT NOT NULL,
    fecha_envio DATETIME NOT NULL,
    fecha_last_ack DATETIME NULL,
    id_estado INT NOT NULL,
    FOREIGN KEY (id_turno) REFERENCES turno(id),
    FOREIGN KEY (id_estado) REFERENCES estado_msj(id),
    FOREIGN KEY (id_plantilla) REFERENCES plantilla(id)
);




CREATE TABLE IF NOT EXISTS efe_ser_esp_plantilla(
    id INT AUTO_INCREMENT PRIMARY KEY NOT NULL,
    id_efe_ser_esp  INT NOT NULL,
    confirmacion TINYINT(1) NOT NULL,
    plantilla_conf INT NULL,
    reprogramacion TINYINT(1) NOT NULL,
    plantilla_repr INT NULL,
    cancelacion TINYINT(1) NOT NULL,
    plantilla_canc INT NULL,
    recordatorio TINYINT(1) NOT NULL,
    plantilla_reco INT NULL,
    dias_antes INT NULL,
    FOREIGN KEY (id_efe_ser_esp) REFERENCES efe_ser_esp(id),
    FOREIGN KEY (plantilla_conf) REFERENCES plantilla(id),
    FOREIGN KEY (plantilla_repr) REFERENCES plantilla(id),
    FOREIGN KEY (plantilla_canc) REFERENCES plantilla(id),
    FOREIGN KEY (plantilla_reco) REFERENCES plantilla(id)
);


INSERT INTO efe_ser_esp_plantilla (id_efe_ser_esp, confirmacion,
reprogramacion, cancelacion, recordatorio) VALUES
(1623,0,0,0,0),
(1622,0,0,0,0),
(1630,0,0,0,0),
(1638,0,0,0,0),
(786,0,0,0,0),
(1999,0,0,0,0),
(1863,0,0,0,0),
(1746,0,0,0,0),
(1747,0,0,0,0),
(1874,0,0,0,0),
(1514,0,0,0,0),
(1515,0,0,0,0),
(1530,0,0,0,0),
(772,0,0,0,0),
(1617,0,0,0,0),
(1474,0,0,0,0),
(1475,0,0,0,0),
(1680,0,0,0,0),
(1532,0,0,0,0),
(1464,0,0,0,0),
(1533,0,0,0,0),
(2040,0,0,0,0),
(1631,0,0,0,0),
(1634,0,0,0,0),
(1632,0,0,0,0),
(1633,0,0,0,0),
(1636,0,0,0,0),
(1694,0,0,0,0),
(1522,0,0,0,0),
(1523,0,0,0,0),
(1477,0,0,0,0),
(1471,0,0,0,0),
(1678,0,0,0,0),
(778,0,0,0,0),
(2014,0,0,0,0),
(1560,0,0,0,0),
(1564,0,0,0,0),
(1569,0,0,0,0),
(1567,0,0,0,0),
(1709,0,0,0,0),
(1568,0,0,0,0),
(771,0,0,0,0),
(1582,0,0,0,0),
(1672,0,0,0,0),
(1624,0,0,0,0),
(1579,0,0,0,0),
(1583,0,0,0,0),
(1575,0,0,0,0),
(1627,0,0,0,0),
(1812,0,0,0,0),
(1635,0,0,0,0),
(1580,0,0,0,0),
(1714,0,0,0,0),
(1581,0,0,0,0),
(1713,0,0,0,0),
(1655,0,0,0,0),
(1673,0,0,0,0),
(1537,0,0,0,0),
(1538,0,0,0,0),
(1539,0,0,0,0),
(780,0,0,0,0),
(1681,0,0,0,0),
(1640,0,0,0,0),
(1565,0,0,0,0),
(1682,0,0,0,0),
(1561,0,0,0,0),
(1562,0,0,0,0),
(1570,0,0,0,0),
(1637,0,0,0,0),
(1810,0,0,0,0),
(1818,0,0,0,0),
(1852,0,0,0,0),
(1862,0,0,0,0),
(1106,0,0,0,0),
(1783,0,0,0,0),
(1628,0,0,0,0),
(1528,0,0,0,0),
(1573,0,0,0,0),
(1529,0,0,0,0),
(1574,0,0,0,0),
(1552,0,0,0,0),
(1506,0,0,0,0),
(1704,0,0,0,0),
(1507,0,0,0,0),
(1540,0,0,0,0),
(1707,0,0,0,0),
(1526,0,0,0,0),
(1527,0,0,0,0),
(779,0,0,0,0),
(1541,0,0,0,0),
(1542,0,0,0,0),
(1811,0,0,0,0),
(1550,0,0,0,0),
(1535,0,0,0,0),
(1536,0,0,0,0),
(1466,0,0,0,0),
(1557,0,0,0,0),
(1556,0,0,0,0),
(1545,0,0,0,0),
(1559,0,0,0,0),
(1524,0,0,0,0),
(1731,0,0,0,0),
(1544,0,0,0,0),
(1571,0,0,0,0),
(1520,0,0,0,0),
(1521,0,0,0,0),
(1652,0,0,0,0),
(1534,0,0,0,0),
(1629,0,0,0,0),
(1899,0,0,0,0),
(1881,0,0,0,0),
(1890,0,0,0,0),
(1737,0,0,0,0),
(1662,0,0,0,0),
(1663,0,0,0,0),
(1479,0,0,0,0),
(1503,0,0,0,0),
(1645,0,0,0,0),
(1649,0,0,0,0),
(1646,0,0,0,0),
(1648,0,0,0,0),
(1647,0,0,0,0),
(1855,0,0,0,0),
(2094,0,0,0,0),
(1933,0,0,0,0),
(2095,0,0,0,0),
(1939,0,0,0,0),
(2114,0,0,0,0),
(2115,0,0,0,0),
(1937,0,0,0,0),
(2108,0,0,0,0),
(2111,0,0,0,0),
(1930,0,0,0,0),
(1957,0,0,0,0),
(1927,0,0,0,0),
(2092,0,0,0,0),
(2091,0,0,0,0),
(1926,0,0,0,0),
(1945,0,0,0,0),
(807,0,0,0,0),
(2082,0,0,0,0),
(2083,0,0,0,0),
(808,0,0,0,0),
(2087,0,0,0,0),
(2086,0,0,0,0),
(1955,0,0,0,0),
(1931,0,0,0,0),
(2072,0,0,0,0),
(2071,0,0,0,0),
(1950,0,0,0,0),
(2084,0,0,0,0),
(2085,0,0,0,0),
(800,0,0,0,0),
(1946,0,0,0,0),
(2088,0,0,0,0),
(2089,0,0,0,0),
(793,0,0,0,0),
(2070,0,0,0,0),
(2068,0,0,0,0),
(1941,0,0,0,0),
(2078,0,0,0,0),
(2067,0,0,0,0),
(2073,0,0,0,0),
(1940,0,0,0,0),
(2074,0,0,0,0),
(1928,0,0,0,0),
(806,0,0,0,0),
(2075,0,0,0,0),
(2080,0,0,0,0),
(804,0,0,0,0),
(1958,0,0,0,0),
(2079,0,0,0,0),
(1951,0,0,0,0),
(1952,0,0,0,0),
(2090,0,0,0,0),
(2081,0,0,0,0),
(1954,0,0,0,0),
(2069,0,0,0,0),
(1947,0,0,0,0),
(2097,0,0,0,0),
(2096,0,0,0,0),
(1942,0,0,0,0),
(2076,0,0,0,0),
(1944,0,0,0,0),
(2077,0,0,0,0),
(2099,0,0,0,0),
(2102,0,0,0,0),
(2101,0,0,0,0),
(2100,0,0,0,0),
(2103,0,0,0,0),
(1948,0,0,0,0),
(796,0,0,0,0),
(1929,0,0,0,0),
(1953,0,0,0,0),
(1943,0,0,0,0),
(1938,0,0,0,0),
(1935,0,0,0,0),
(1500,0,0,0,0),
(1956,0,0,0,0),
(1453,0,0,0,0),
(981,0,0,0,0),
(980,0,0,0,0),
(982,0,0,0,0),
(983,0,0,0,0),
(1675,0,0,0,0),
(967,0,0,0,0),
(1052,0,0,0,0),
(1033,0,0,0,0),
(1028,0,0,0,0),
(1034,0,0,0,0),
(2022,0,0,0,0),
(949,0,0,0,0),
(1026,0,0,0,0),
(1651,0,0,0,0),
(1114,0,0,0,0),
(1214,0,0,0,0),
(1067,0,0,0,0),
(1025,0,0,0,0),
(1020,0,0,0,0),
(1080,0,0,0,0),
(1021,0,0,0,0),
(1022,0,0,0,0),
(1023,0,0,0,0),
(1024,0,0,0,0),
(1027,0,0,0,0),
(1154,0,0,0,0),
(1066,0,0,0,0),
(1068,0,0,0,0),
(1741,0,0,0,0),
(1743,0,0,0,0),
(1742,0,0,0,0),
(1013,0,0,0,0),
(1019,0,0,0,0),
(1065,0,0,0,0),
(1468,0,0,0,0),
(2012,0,0,0,0),
(991,0,0,0,0),
(1220,0,0,0,0),
(942,0,0,0,0),
(993,0,0,0,0),
(1003,0,0,0,0),
(1064,0,0,0,0),
(1062,0,0,0,0),
(1061,0,0,0,0),
(1063,0,0,0,0),
(1516,0,0,0,0),
(1378,0,0,0,0),
(2005,0,0,0,0),
(2006,0,0,0,0),
(974,0,0,0,0),
(1355,0,0,0,0),
(943,0,0,0,0),
(1012,0,0,0,0),
(1079,0,0,0,0),
(1446,0,0,0,0),
(1757,0,0,0,0),
(1854,0,0,0,0),
(947,0,0,0,0),
(1054,0,0,0,0),
(1031,0,0,0,0),
(997,0,0,0,0),
(1057,0,0,0,0),
(1053,0,0,0,0),
(1055,0,0,0,0),
(1056,0,0,0,0),
(1058,0,0,0,0),
(1440,0,0,0,0),
(1502,0,0,0,0),
(944,0,0,0,0),
(1047,0,0,0,0),
(1029,0,0,0,0),
(1543,0,0,0,0),
(959,0,0,0,0),
(969,0,0,0,0),
(1363,0,0,0,0),
(939,0,0,0,0),
(946,0,0,0,0),
(2007,0,0,0,0),
(958,0,0,0,0),
(1572,0,0,0,0),
(970,0,0,0,0),
(960,0,0,0,0),
(968,0,0,0,0),
(987,0,0,0,0),
(1000,0,0,0,0),
(1046,0,0,0,0),
(1310,0,0,0,0),
(937,0,0,0,0),
(996,0,0,0,0),
(1004,0,0,0,0),
(1032,0,0,0,0),
(953,0,0,0,0),
(952,0,0,0,0),
(951,0,0,0,0),
(954,0,0,0,0),
(955,0,0,0,0),
(956,0,0,0,0),
(957,0,0,0,0),
(998,0,0,0,0),
(1030,0,0,0,0),
(1402,0,0,0,0),
(935,0,0,0,0),
(940,0,0,0,0),
(984,0,0,0,0),
(1081,0,0,0,0),
(963,0,0,0,0),
(990,0,0,0,0),
(965,0,0,0,0),
(961,0,0,0,0),
(964,0,0,0,0),
(962,0,0,0,0),
(979,0,0,0,0),
(1001,0,0,0,0),
(1059,0,0,0,0),
(1084,0,0,0,0),
(1083,0,0,0,0),
(1097,0,0,0,0),
(1225,0,0,0,0),
(1313,0,0,0,0),
(1356,0,0,0,0),
(1461,0,0,0,0),
(1879,0,0,0,0),
(1886,0,0,0,0),
(1749,0,0,0,0),
(1049,0,0,0,0),
(933,0,0,0,0),
(936,0,0,0,0),
(1010,0,0,0,0),
(1050,0,0,0,0),
(1009,0,0,0,0),
(966,0,0,0,0),
(977,0,0,0,0),
(999,0,0,0,0),
(1676,0,0,0,0),
(941,0,0,0,0),
(1002,0,0,0,0),
(1005,0,0,0,0),
(1051,0,0,0,0),
(938,0,0,0,0),
(1008,0,0,0,0),
(1006,0,0,0,0),
(1007,0,0,0,0),
(1087,0,0,0,0),
(1048,0,0,0,0),
(1215,0,0,0,0),
(1695,0,0,0,0),
(1758,0,0,0,0),
(1878,0,0,0,0),
(1892,0,0,0,0),
(1693,0,0,0,0),
(945,0,0,0,0),
(1070,0,0,0,0),
(1014,0,0,0,0),
(934,0,0,0,0),
(1375,0,0,0,0),
(1119,0,0,0,0),
(1801,0,0,0,0),
(1891,0,0,0,0),
(976,0,0,0,0),
(975,0,0,0,0),
(1396,0,0,0,0),
(995,0,0,0,0),
(972,0,0,0,0),
(1437,0,0,0,0),
(973,0,0,0,0),
(950,0,0,0,0),
(992,0,0,0,0),
(1011,0,0,0,0),
(1127,0,0,0,0),
(1457,0,0,0,0),
(1132,0,0,0,0),
(1015,0,0,0,0),
(1016,0,0,0,0),
(1118,0,0,0,0),
(1018,0,0,0,0),
(1117,0,0,0,0),
(1073,0,0,0,0),
(1115,0,0,0,0),
(1044,0,0,0,0),
(1038,0,0,0,0),
(1041,0,0,0,0),
(1172,0,0,0,0),
(1037,0,0,0,0),
(1045,0,0,0,0),
(1042,0,0,0,0),
(1039,0,0,0,0),
(1279,0,0,0,0),
(1035,0,0,0,0),
(1040,0,0,0,0),
(1071,0,0,0,0),
(1036,0,0,0,0),
(1043,0,0,0,0),
(1072,0,0,0,0),
(1077,0,0,0,0),
(1078,0,0,0,0),
(1069,0,0,0,0),
(1774,0,0,0,0),
(1780,0,0,0,0),
(1777,0,0,0,0),
(1771,0,0,0,0),
(1772,0,0,0,0),
(1779,0,0,0,0),
(1769,0,0,0,0),
(1776,0,0,0,0),
(1770,0,0,0,0),
(1781,0,0,0,0),
(1775,0,0,0,0),
(1778,0,0,0,0),
(1773,0,0,0,0),
(1792,0,0,0,0),
(1086,0,0,0,0),
(1085,0,0,0,0),
(1088,0,0,0,0),
(1169,0,0,0,0),
(1224,0,0,0,0),
(1278,0,0,0,0),
(1501,0,0,0,0),
(1659,0,0,0,0),
(2013,0,0,0,0),
(1683,0,0,0,0),
(1751,0,0,0,0),
(1173,0,0,0,0),
(1984,0,0,0,0),
(2044,0,0,0,0),
(2043,0,0,0,0),
(761,0,0,0,0),
(2093,0,0,0,0),
(2045,0,0,0,0),
(1971,0,0,0,0),
(1973,0,0,0,0),
(1972,0,0,0,0),
(1982,0,0,0,0),
(2036,0,0,0,0),
(745,0,0,0,0),
(1914,0,0,0,0),
(2031,0,0,0,0),
(2105,0,0,0,0),
(1924,0,0,0,0),
(1923,0,0,0,0),
(1922,0,0,0,0),
(2063,0,0,0,0),
(765,0,0,0,0),
(1918,0,0,0,0),
(2107,0,0,0,0),
(1425,0,0,0,0),
(2104,0,0,0,0),
(2113,0,0,0,0),
(1917,0,0,0,0),
(1901,0,0,0,0),
(751,0,0,0,0),
(1915,0,0,0,0),
(1959,0,0,0,0),
(2042,0,0,0,0),
(2041,0,0,0,0),
(1962,0,0,0,0),
(2030,0,0,0,0),
(1912,0,0,0,0),
(1920,0,0,0,0),
(1913,0,0,0,0),
(1902,0,0,0,0),
(1921,0,0,0,0),
(1894,0,0,0,0),
(1983,0,0,0,0),
(1981,0,0,0,0),
(1916,0,0,0,0),
(755,0,0,0,0),
(1896,0,0,0,0),
(747,0,0,0,0),
(2047,0,0,0,0),
(1903,0,0,0,0),
(2048,0,0,0,0),
(2064,0,0,0,0),
(2066,0,0,0,0),
(2065,0,0,0,0),
(764,0,0,0,0),
(1925,0,0,0,0),
(2039,0,0,0,0),
(2037,0,0,0,0),
(1895,0,0,0,0),
(2038,0,0,0,0),
(1919,0,0,0,0),
(756,0,0,0,0),
(2057,0,0,0,0),
(2033,0,0,0,0),
(1900,0,0,0,0),
(1985,0,0,0,0),
(67,0,0,0,0),
(633,0,0,0,0),
(908,0,0,0,0),
(769,0,0,0,0),
(165,0,0,0,0),
(164,0,0,0,0),
(467,0,0,0,0),
(1518,0,0,0,0),
(1988,0,0,0,0),
(1344,0,0,0,0),
(60,0,0,0,0),
(610,0,0,0,0),
(637,0,0,0,0),
(1321,0,0,0,0),
(454,0,0,0,0),
(559,0,0,0,0),
(455,0,0,0,0),
(1377,0,0,0,0),
(453,0,0,0,0),
(456,0,0,0,0),
(1867,0,0,0,0),
(1229,0,0,0,0),
(1465,0,0,0,0),
(1766,0,0,0,0),
(1499,0,0,0,0),
(1342,0,0,0,0),
(55,0,0,0,0),
(543,0,0,0,0),
(1472,0,0,0,0),
(485,0,0,0,0),
(437,0,0,0,0),
(436,0,0,0,0),
(438,0,0,0,0),
(1107,0,0,0,0),
(2112,0,0,0,0),
(1185,0,0,0,0),
(647,0,0,0,0),
(1343,0,0,0,0),
(57,0,0,0,0),
(639,0,0,0,0),
(1144,0,0,0,0),
(333,0,0,0,0),
(172,0,0,0,0),
(173,0,0,0,0),
(171,0,0,0,0),
(1110,0,0,0,0),
(392,0,0,0,0),
(49,0,0,0,0),
(539,0,0,0,0),
(540,0,0,0,0),
(561,0,0,0,0),
(391,0,0,0,0),
(390,0,0,0,0),
(1752,0,0,0,0),
(2009,0,0,0,0),
(565,0,0,0,0),
(1394,0,0,0,0),
(2106,0,0,0,0),
(497,0,0,0,0),
(495,0,0,0,0),
(496,0,0,0,0),
(638,0,0,0,0),
(660,0,0,0,0),
(661,0,0,0,0),
(245,0,0,0,0),
(246,0,0,0,0),
(81,0,0,0,0),
(1753,0,0,0,0),
(607,0,0,0,0),
(642,0,0,0,0),
(82,0,0,0,0),
(84,0,0,0,0),
(83,0,0,0,0),
(85,0,0,0,0),
(368,0,0,0,0),
(2010,0,0,0,0),
(1490,0,0,0,0),
(68,0,0,0,0),
(1231,0,0,0,0),
(537,0,0,0,0),
(433,0,0,0,0),
(1388,0,0,0,0),
(432,0,0,0,0),
(434,0,0,0,0),
(1856,0,0,0,0),
(923,0,0,0,0),
(1887,0,0,0,0),
(1756,0,0,0,0),
(1486,0,0,0,0),
(463,0,0,0,0),
(378,0,0,0,0),
(1298,0,0,0,0),
(54,0,0,0,0),
(1353,0,0,0,0),
(1095,0,0,0,0),
(1354,0,0,0,0),
(1094,0,0,0,0),
(1093,0,0,0,0),
(1865,0,0,0,0),
(1825,0,0,0,0),
(1826,0,0,0,0),
(1827,0,0,0,0),
(350,0,0,0,0),
(351,0,0,0,0),
(569,0,0,0,0),
(1099,0,0,0,0),
(1385,0,0,0,0),
(348,0,0,0,0),
(349,0,0,0,0),
(464,0,0,0,0),
(1361,0,0,0,0),
(359,0,0,0,0),
(1345,0,0,0,0),
(1369,0,0,0,0),
(386,0,0,0,0),
(358,0,0,0,0),
(354,0,0,0,0),
(360,0,0,0,0),
(355,0,0,0,0),
(385,0,0,0,0),
(1102,0,0,0,0),
(1123,0,0,0,0),
(1696,0,0,0,0),
(387,0,0,0,0),
(1100,0,0,0,0),
(379,0,0,0,0),
(1226,0,0,0,0),
(1373,0,0,0,0),
(1309,0,0,0,0),
(1389,0,0,0,0),
(1452,0,0,0,0),
(353,0,0,0,0),
(388,0,0,0,0),
(356,0,0,0,0),
(518,0,0,0,0),
(357,0,0,0,0),
(1122,0,0,0,0),
(389,0,0,0,0),
(384,0,0,0,0),
(383,0,0,0,0),
(1103,0,0,0,0),
(1274,0,0,0,0),
(1706,0,0,0,0),
(1338,0,0,0,0),
(1697,0,0,0,0),
(1488,0,0,0,0),
(1788,0,0,0,0),
(1787,0,0,0,0),
(1803,0,0,0,0),
(1805,0,0,0,0),
(1807,0,0,0,0),
(528,0,0,0,0),
(56,0,0,0,0),
(377,0,0,0,0),
(527,0,0,0,0),
(373,0,0,0,0),
(1585,0,0,0,0),
(371,0,0,0,0),
(376,0,0,0,0),
(370,0,0,0,0),
(381,0,0,0,0),
(1460,0,0,0,0),
(382,0,0,0,0),
(1987,0,0,0,0),
(558,0,0,0,0),
(73,0,0,0,0),
(2110,0,0,0,0),
(2109,0,0,0,0),
(99,0,0,0,0),
(1140,0,0,0,0),
(100,0,0,0,0),
(102,0,0,0,0),
(98,0,0,0,0),
(1384,0,0,0,0),
(104,0,0,0,0),
(96,0,0,0,0),
(1330,0,0,0,0),
(1275,0,0,0,0),
(1861,0,0,0,0),
(1331,0,0,0,0),
(1346,0,0,0,0),
(101,0,0,0,0),
(1329,0,0,0,0),
(1397,0,0,0,0),
(1352,0,0,0,0),
(1438,0,0,0,0),
(851,0,0,0,0),
(103,0,0,0,0),
(1398,0,0,0,0),
(1400,0,0,0,0),
(1399,0,0,0,0),
(1745,0,0,0,0),
(1487,0,0,0,0),
(52,0,0,0,0),
(575,0,0,0,0),
(921,0,0,0,0),
(562,0,0,0,0),
(450,0,0,0,0),
(531,0,0,0,0),
(449,0,0,0,0),
(566,0,0,0,0),
(932,0,0,0,0),
(1525,0,0,0,0),
(2028,0,0,0,0),
(1125,0,0,0,0),
(1584,0,0,0,0),
(521,0,0,0,0),
(522,0,0,0,0),
(520,0,0,0,0),
(512,0,0,0,0),
(70,0,0,0,0),
(514,0,0,0,0),
(919,0,0,0,0),
(2015,0,0,0,0),
(517,0,0,0,0),
(511,0,0,0,0),
(510,0,0,0,0),
(509,0,0,0,0),
(513,0,0,0,0),
(641,0,0,0,0),
(515,0,0,0,0),
(1748,0,0,0,0),
(1800,0,0,0,0),
(1485,0,0,0,0),
(538,0,0,0,0),
(1358,0,0,0,0),
(42,0,0,0,0),
(41,0,0,0,0),
(1216,0,0,0,0),
(45,0,0,0,0),
(39,0,0,0,0),
(40,0,0,0,0),
(564,0,0,0,0),
(2018,0,0,0,0),
(58,0,0,0,0),
(1130,0,0,0,0),
(1131,0,0,0,0),
(472,0,0,0,0),
(1113,0,0,0,0),
(1717,0,0,0,0),
(471,0,0,0,0),
(469,0,0,0,0),
(470,0,0,0,0),
(468,0,0,0,0),
(473,0,0,0,0),
(1795,0,0,0,0),
(1496,0,0,0,0),
(740,0,0,0,0),
(71,0,0,0,0),
(484,0,0,0,0),
(915,0,0,0,0),
(1898,0,0,0,0),
(406,0,0,0,0),
(404,0,0,0,0),
(405,0,0,0,0),
(739,0,0,0,0),
(1549,0,0,0,0),
(1558,0,0,0,0),
(1808,0,0,0,0),
(1768,0,0,0,0),
(1181,0,0,0,0),
(66,0,0,0,0),
(632,0,0,0,0),
(905,0,0,0,0),
(1710,0,0,0,0),
(461,0,0,0,0),
(568,0,0,0,0),
(458,0,0,0,0),
(459,0,0,0,0),
(460,0,0,0,0),
(1111,0,0,0,0),
(1734,0,0,0,0),
(1180,0,0,0,0),
(1251,0,0,0,0),
(1653,0,0,0,0),
(1239,0,0,0,0),
(552,0,0,0,0),
(553,0,0,0,0),
(907,0,0,0,0),
(443,0,0,0,0),
(1897,0,0,0,0),
(444,0,0,0,0),
(445,0,0,0,0),
(442,0,0,0,0),
(644,0,0,0,0),
(1728,0,0,0,0),
(1494,0,0,0,0),
(61,0,0,0,0),
(576,0,0,0,0),
(1116,0,0,0,0),
(606,0,0,0,0),
(408,0,0,0,0),
(407,0,0,0,0),
(431,0,0,0,0),
(1639,0,0,0,0),
(2001,0,0,0,0),
(1729,0,0,0,0),
(1497,0,0,0,0),
(59,0,0,0,0),
(605,0,0,0,0),
(1221,0,0,0,0),
(1719,0,0,0,0),
(367,0,0,0,0),
(1374,0,0,0,0),
(1101,0,0,0,0),
(342,0,0,0,0),
(343,0,0,0,0),
(1791,0,0,0,0),
(447,0,0,0,0),
(74,0,0,0,0),
(635,0,0,0,0),
(910,0,0,0,0),
(920,0,0,0,0),
(446,0,0,0,0),
(397,0,0,0,0),
(395,0,0,0,0),
(1784,0,0,0,0),
(889,0,0,0,0),
(396,0,0,0,0),
(1519,0,0,0,0),
(1740,0,0,0,0),
(1493,0,0,0,0),
(23,0,0,0,0),
(28,0,0,0,0),
(912,0,0,0,0),
(27,0,0,0,0),
(1586,0,0,0,0),
(30,0,0,0,0),
(46,0,0,0,0),
(22,0,0,0,0),
(29,0,0,0,0),
(1703,0,0,0,0),
(1876,0,0,0,0),
(63,0,0,0,0),
(346,0,0,0,0),
(1121,0,0,0,0),
(345,0,0,0,0),
(1454,0,0,0,0),
(399,0,0,0,0),
(344,0,0,0,0),
(1134,0,0,0,0),
(1735,0,0,0,0),
(1782,0,0,0,0),
(1492,0,0,0,0),
(77,0,0,0,0),
(554,0,0,0,0),
(654,0,0,0,0),
(616,0,0,0,0),
(556,0,0,0,0),
(452,0,0,0,0),
(451,0,0,0,0),
(555,0,0,0,0),
(655,0,0,0,0),
(1228,0,0,0,0),
(2000,0,0,0,0),
(1866,0,0,0,0),
(69,0,0,0,0),
(657,0,0,0,0),
(911,0,0,0,0),
(545,0,0,0,0),
(1618,0,0,0,0),
(494,0,0,0,0),
(492,0,0,0,0),
(493,0,0,0,0),
(2002,0,0,0,0),
(2003,0,0,0,0),
(1736,0,0,0,0),
(491,0,0,0,0),
(916,0,0,0,0),
(536,0,0,0,0),
(1445,0,0,0,0),
(490,0,0,0,0),
(488,0,0,0,0),
(489,0,0,0,0),
(1120,0,0,0,0),
(1882,0,0,0,0),
(532,0,0,0,0),
(1990,0,0,0,0),
(1482,0,0,0,0),
(51,0,0,0,0),
(482,0,0,0,0),
(1210,0,0,0,0),
(479,0,0,0,0),
(478,0,0,0,0),
(480,0,0,0,0),
(481,0,0,0,0),
(1625,0,0,0,0),
(1733,0,0,0,0),
(656,0,0,0,0),
(526,0,0,0,0),
(524,0,0,0,0),
(523,0,0,0,0),
(525,0,0,0,0),
(75,0,0,0,0),
(818,0,0,0,0),
(1142,0,0,0,0),
(573,0,0,0,0),
(256,0,0,0,0),
(255,0,0,0,0),
(254,0,0,0,0),
(904,0,0,0,0),
(1143,0,0,0,0),
(1853,0,0,0,0),
(1997,0,0,0,0),
(615,0,0,0,0),
(429,0,0,0,0),
(1222,0,0,0,0),
(426,0,0,0,0),
(427,0,0,0,0),
(428,0,0,0,0),
(430,0,0,0,0),
(1171,0,0,0,0),
(2019,0,0,0,0),
(1495,0,0,0,0),
(729,0,0,0,0),
(535,0,0,0,0),
(1091,0,0,0,0),
(1090,0,0,0,0),
(1092,0,0,0,0),
(1089,0,0,0,0),
(634,0,0,0,0),
(906,0,0,0,0),
(727,0,0,0,0),
(617,0,0,0,0),
(549,0,0,0,0),
(1443,0,0,0,0),
(551,0,0,0,0),
(1722,0,0,0,0),
(550,0,0,0,0),
(1372,0,0,0,0),
(1459,0,0,0,0),
(1339,0,0,0,0),
(1368,0,0,0,0),
(1277,0,0,0,0),
(888,0,0,0,0),
(1610,0,0,0,0),
(1276,0,0,0,0),
(1873,0,0,0,0),
(1307,0,0,0,0),
(728,0,0,0,0),
(1877,0,0,0,0),
(1306,0,0,0,0),
(1395,0,0,0,0),
(1337,0,0,0,0),
(1364,0,0,0,0),
(1308,0,0,0,0),
(643,0,0,0,0),
(1554,0,0,0,0),
(1312,0,0,0,0),
(1297,0,0,0,0),
(1336,0,0,0,0),
(1436,0,0,0,0),
(1349,0,0,0,0),
(1348,0,0,0,0),
(1311,0,0,0,0),
(1611,0,0,0,0),
(1491,0,0,0,0),
(62,0,0,0,0),
(503,0,0,0,0),
(890,0,0,0,0),
(502,0,0,0,0),
(504,0,0,0,0),
(501,0,0,0,0),
(499,0,0,0,0),
(500,0,0,0,0),
(1211,0,0,0,0),
(2056,0,0,0,0),
(1893,0,0,0,0),
(1986,0,0,0,0),
(1509,0,0,0,0),
(1510,0,0,0,0),
(1362,0,0,0,0),
(50,0,0,0,0),
(924,0,0,0,0),
(640,0,0,0,0),
(1146,0,0,0,0),
(544,0,0,0,0),
(612,0,0,0,0),
(417,0,0,0,0),
(415,0,0,0,0),
(416,0,0,0,0),
(2008,0,0,0,0),
(1889,0,0,0,0),
(486,0,0,0,0),
(1626,0,0,0,0),
(1824,0,0,0,0),
(577,0,0,0,0),
(64,0,0,0,0),
(424,0,0,0,0),
(918,0,0,0,0),
(419,0,0,0,0),
(420,0,0,0,0),
(421,0,0,0,0),
(423,0,0,0,0),
(477,0,0,0,0),
(475,0,0,0,0),
(422,0,0,0,0),
(2017,0,0,0,0),
(1765,0,0,0,0),
(18,0,0,0,0),
(19,0,0,0,0),
(1476,0,0,0,0),
(17,0,0,0,0),
(742,0,0,0,0),
(15,0,0,0,0),
(567,0,0,0,0),
(1727,0,0,0,0),
(72,0,0,0,0),
(631,0,0,0,0),
(909,0,0,0,0),
(169,0,0,0,0),
(168,0,0,0,0),
(167,0,0,0,0),
(1517,0,0,0,0),
(2004,0,0,0,0),
(614,0,0,0,0),
(93,0,0,0,0),
(913,0,0,0,0),
(1961,0,0,0,0),
(10,0,0,0,0),
(331,0,0,0,0),
(11,0,0,0,0),
(9,0,0,0,0),
(645,0,0,0,0),
(1555,0,0,0,0),
(1732,0,0,0,0),
(1553,0,0,0,0),
(508,0,0,0,0),
(1141,0,0,0,0),
(533,0,0,0,0),
(507,0,0,0,0),
(505,0,0,0,0),
(506,0,0,0,0),
(922,0,0,0,0),
(1794,0,0,0,0),
(1483,0,0,0,0),
(3,0,0,0,0),
(4,0,0,0,0),
(21,0,0,0,0),
(6,0,0,0,0),
(767,0,0,0,0),
(8,0,0,0,0),
(7,0,0,0,0),
(5,0,0,0,0),
(76,0,0,0,0),
(112,0,0,0,0),
(2016,0,0,0,0),
(13,0,0,0,0),
(2035,0,0,0,0),
(12,0,0,0,0),
(1213,0,0,0,0),
(1305,0,0,0,0),
(38,0,0,0,0),
(36,0,0,0,0),
(113,0,0,0,0),
(31,0,0,0,0),
(32,0,0,0,0),
(1381,0,0,0,0),
(33,0,0,0,0),
(35,0,0,0,0),
(1334,0,0,0,0),
(1380,0,0,0,0),
(1359,0,0,0,0),
(1370,0,0,0,0),
(650,0,0,0,0),
(1641,0,0,0,0),
(1371,0,0,0,0),
(652,0,0,0,0),
(1227,0,0,0,0),
(1332,0,0,0,0),
(1096,0,0,0,0),
(1340,0,0,0,0),
(1357,0,0,0,0),
(1419,0,0,0,0),
(114,0,0,0,0),
(1888,0,0,0,0),
(1322,0,0,0,0),
(1323,0,0,0,0),
(1324,0,0,0,0),
(1333,0,0,0,0),
(1880,0,0,0,0),
(1350,0,0,0,0),
(1698,0,0,0,0),
(1642,0,0,0,0),
(1489,0,0,0,0),
(91,0,0,0,0),
(730,0,0,0,0),
(917,0,0,0,0),
(465,0,0,0,0),
(466,0,0,0,0),
(530,0,0,0,0),
(529,0,0,0,0),
(1444,0,0,0,0),
(1128,0,0,0,0),
(741,0,0,0,0),
(636,0,0,0,0),
(914,0,0,0,0),
(1960,0,0,0,0),
(563,0,0,0,0),
(79,0,0,0,0),
(80,0,0,0,0),
(1793,0,0,0,0),
(1809,0,0,0,0),
(1365,0,0,0,0),
(1366,0,0,0,0),
(1367,0,0,0,0),
(1819,0,0,0,0),
(581,0,0,0,0),
(582,0,0,0,0),
(1182,0,0,0,0),
(585,0,0,0,0),
(852,0,0,0,0),
(580,0,0,0,0),
(579,0,0,0,0),
(578,0,0,0,0),
(1817,0,0,0,0),
(1799,0,0,0,0),
(1473,0,0,0,0),
(1860,0,0,0,0),
(1108,0,0,0,0),
(1376,0,0,0,0),
(1868,0,0,0,0),
(586,0,0,0,0),
(1875,0,0,0,0),
(1347,0,0,0,0),
(1109,0,0,0,0),
(1273,0,0,0,0),
(1883,0,0,0,0),
(1730,0,0,0,0),
(2058,0,0,0,0),
(1498,0,0,0,0),
(1165,0,0,0,0),
(1166,0,0,0,0),
(1168,0,0,0,0),
(1183,0,0,0,0),
(1566,0,0,0,0),
(1393,0,0,0,0),
(1392,0,0,0,0),
(1390,0,0,0,0),
(1619,0,0,0,0),
(1548,0,0,0,0),
(1620,0,0,0,0),
(2027,0,0,0,0),
(1621,0,0,0,0),
(1996,0,0,0,0),
(1870,0,0,0,0),
(1869,0,0,0,0),
(1669,0,0,0,0),
(1822,0,0,0,0),
(1821,0,0,0,0),
(1667,0,0,0,0),
(1668,0,0,0,0),
(1702,0,0,0,0),
(1670,0,0,0,0),
(1671,0,0,0,0),
(1701,0,0,0,0),
(1767,0,0,0,0);

CREATE TABLE IF NOT EXISTS last_mod(
    id INT  AUTO_INCREMENT NOT NULL PRIMARY KEY ,
    fecha DATETIME NOT NULL
);


CREATE TABLE IF NOT EXISTS estado_turno_espera(
    id INT NOT NULL PRIMARY KEY,
    significado VARCHAR(16) NOT NULL
);

INSERT INTO estado_turno_espera (id, significado)VALUES
(0, 'ESPERA'),
(1, 'OTORGADO');



CREATE TABLE IF NOT EXISTS estudio_requerido(
    id INT AUTO_INCREMENT NOT NULL PRIMARY KEY,
    nombre VARCHAR(32) NOT NULL
);

INSERT INTO estudio_requerido (nombre) VALUES
("LABORATORIO"),
("RADIOGRAFÍA"),
("ECOGRAFÍA");


