CREATE DATABASE IF NOT EXISTS notificaciones;
USE notificaciones;

CREATE TABLE IF NOT EXISTS tipo_plantilla (
    id INT PRIMARY KEY NOT NULL,
    nombre VARCHAR(16) NOT NULL
);

INSERT INTO tipo_plantilla (id, nombre) VALUES
    (1, "CONFIRMACION"),
    (2, "CANCELACION"),
    (3, "REPROGRAMACION"),
    (4, "RECORDATORIO");

-- Tabla de plantillas de mensajes
CREATE TABLE IF NOT EXISTS plantilla (
    id INT AUTO_INCREMENT PRIMARY KEY NOT NULL,
    contenido TEXT NOT NULL,
    id_tipo INT NOT NULL,
    FOREIGN KEY (id_tipo) REFERENCES tipo_plantilla(id)
);

INSERT INTO plantilla (id, contenido, id_tipo) VALUES
(1, '¡Hola {nompac} {apepac}!
Queremos recordarle que tiene el siguiente turno programado:

:calendar: Fecha: {fecha}
:alarm_clock: Hora: {horaturno}
:man_health_worker: Profesional: {nomprof} {apeprof}
:stethoscope: Especialidad: {especialidad}
:hospital: Efector: {efector}

¡Lo esperamos! :raising_hands:', 4),


(2, '¡Hola {nompac} {apepac}!
Se confirmo el siguiente turno:

:calendar: Fecha: {fecha}
:alarm_clock: Hora: {horaturno}
:man_health_worker: Profesional: {nomprof} {apeprof}
:stethoscope: Especialidad: {especialidad}
:hospital: Efector: {efector}

¡Lo esperamos! :raising_hands:', 1),


(3, 'Hola {nompac} {apepac},
Su turno programado ha sido cancelado', 2),

(4, 'Hola {nompac} {apepac},
Su turno para el día {fecha} sera reprogramado.', 3);

-- Tabla de estados de mensaje
CREATE TABLE IF NOT EXISTS estado_msj (
    id INT PRIMARY KEY NOT NULL,
    significado VARCHAR(32) NOT NULL
);

INSERT INTO estado_msj(id, significado) VALUES
(-4, 'SERVER ERROR'),
(-3, 'FALTAN DATOS'),
(-2, 'NUMERO INVALIDO'),
(-1, 'FALLIDO'),
(0, 'PENDIENTE'),
(1, 'ENVIADO'),
(2, 'RECIBIDO'),
(3, 'LEIDO');

-- Tabla de estados de turno
CREATE TABLE IF NOT EXISTS estado_turno (
    id INT PRIMARY KEY NOT NULL,
    nombre VARCHAR(32) NOT NULL
);

INSERT INTO estado_turno(id, nombre) VALUES
(0, 'CONFIRMADO'),
(1, 'FINALIZADO'),
(2, 'REPROGRAMADO'),
(3, 'CANCELADO');

-- Efector y especialidad
CREATE TABLE IF NOT EXISTS efector (
    id INT PRIMARY KEY NOT NULL,
    nombre VARCHAR(64) NOT NULL
);

INSERT INTO efector(id, nombre) VALUES
(1, "HOSPITAL ROQUE SAENZ PEÑA"),
(2, "HOSPITAL ALBERDI"),
(4, "HOSPITAL DE EMERGENCIAS CLEMENTE ALVAREZ"),
(5, "CENTRO DE ESPECIALIDADES MEDICAS AMBULATORIAS RO"),
(7, "HOSPITAL INTENDENTE CARRASCO"),
(10, "EL GAUCHO"),
(11, "CASIANO CASAS"),
(12, "1ERO DE MAYO"),
(13, "DR.SALVADOR MAZZA"), 
(14, "ROQUE COULIN"),
(16, "VICTOR CUE VEC"),
(18, "LA FLORIDA VEC"),
(19, "CEFERINO NAMUNCURA"),
(21, "STAFFIERI"),
(22, "SAN MARTIN"),
(23, "JEAN HENRY DUNANT"),
(24, "CASALS MAURICIO"),
(25, "EMAUS"),
(26, "ROCA JULIO"),
(29, "STA.MA.JOSEFA ROSELLO"),
(31, "DR. ESTEBAN MARADONA"),
(32, "LUIS PASTEUR"),
(33, "LAS FLORES"),
(34, "SAN MARCELINO CHAMPAGNAT"),
(35, "BARRIO PLATA"),
(36, "RUBEN NARANJO"),
(37, "MATHEU DOMINGO"),
(38, "SAN VICENTE DE PAUL"),
(39, "ELENA BAZET"),
(40, "20 DE JUNIO"),
(41, "SUR"),
(42, "PARQUE SUR VEC"),
(43, 'SAN MARTIN "A" VEC'),
(44, "MAIZTEGUI"),
(45, "LAS FLORES ESTE VEC"),
(47, "TOBA"),
(48, "EL MANGRULLO"),
(50, "SANTA TERESITA"),
(52, "JUAN B. JUSTO"),
(62, "ANGEL INVALDI VEC"),
(63, "JUANA AZURDUY"),
(64, "EVA DUARTE"),
(65, "SANTA LUCIA"),
(91, "TIO ROLO"),
(93, "POCHO LEPRATI"),
(95, "LUCHEMOS POR LA VIDA"),
(96, "MARTIN"),
(100, "EFECTOR PRUEBA"),
(101, "DRA. DEBORA FERRANDINI (Ex COSSETINI)"),
(102, "LIC. UGARTE JOSE RAUL"),
(103, "ITATI"),
(114, "SECRETARIA DE SALUD PUBLICA"),
(179, "ALICIA MOREAU DE JUSTO"),
(225, "LA ESTACION"),
(231, "POSTA BARRIO OLIMPICO");

CREATE TABLE IF NOT EXISTS servicio (
    id INT PRIMARY KEY NOT NULL,
    nombre VARCHAR(64) NOT NULL
);

INSERT INTO servicio (id, nombre) VALUES
(2, "ENFERMERIA"),
(4, "OBSTETRICIA"),
(5, "ODONTOLOGIA"),
(6, "SALUD MENTAL"),
(7, "TOCOGINECOLOGIA"),
(8, "TRABAJO SOCIAL"),
(9, "MEDICINA GENERAL"),
(10, "CLINICA MEDICA"),
(11, "CLINICA PEDIATRICA"),
(45, "NUTRICION"),
(47, "OFTALMOLOGIA"),
(48, "ONCOLOGIA"),
(49, "TRAUMATO Y ORTOPEDIA"),
(50, "OTORRINOLARINGOLOGIA"),
(55, "FLEBOLOGIA"),
(64, "PROCTOLOGIA"),
(65, "CUIDADOS ESPECIALES"),
(67, "PSICOLOGIA-PSICOPEDAGOGIA"),
(68, "ENDOCRINOLOGIA"),
(69, "REUMATOLOGIA"),
(71, "FISIATRIA"),
(73, "TOXICOLOGIA"),
(74, "GENETICA-ANDROLOGIA"),
(75, "UROLOGIA-URINARIAS"),
(77, "CARDIOLOGIA"),
(85, "CIRUGIA GENERAL"),
(98, "NEFROLOGIA"),
(107, "GASTROENTEROLOGIA"),
(109, "GINECOLOGIA"),
(110, "HEMATOLOGIA"),
(118, "NUTRICION INFANTIL"),
(123, "GUARDIA EMERGENCIA"),
(124, "NEUMONOLOGIA VIAS RESPIRATORIAS"),
(125, "NEUROCIRUGIA"),
(126, "NEUROLOGIA"),
(133, "DERMATOLOGIA"),
(134, "NEFROLOGIA INFANTIL"),
(149, "FONOAUDIOLOGIA"),
(150, "KINESIOLOGIA"),
(152, "INFECTOLOGIA"),
(155, "DIAGNOSTICO POR IMAGENES"),
(159, "SERVICIO PRUEBA"),
(164, "ALERGIA"),
(168, "CONSULTORIO EXTERNO"),
(169, "CUIDADOS PALIATIVOS"),
(172, "HOSPITAL DE DIA"),
(186, "PEDIATRIA"),
(193, "ANESTESIOLOGIA"),
(203, "MEDICINA LEGAL"),
(204, "TERAPIA OCUPACIONAL"),
(205, "ODONTOLOGIA PEDIATRICA"),
(206, "SALUD LABORAL"),
(207, "CIRUGIA AMBULATORIA"),
(208, "MEDICINA FETAL"),
(209, "MEDICINAS ALTERNATIVAS"),
(210, "DISPOSITIVOS INTERDISCIPLINARIOS"),
(211, "SALUD SEXUAL Y REPRODUCTIVA"),
(214, "PODOLOGIA"),
(216, "HEMOTERAPIA"),
(217, "ATENCION DOMICILIARIA SALUD MENTAL"),
(218, "MEDICINA PREVENTIVA"),
(219, "CONSULTORIO CONJUNTO");

CREATE TABLE IF NOT EXISTS especialidad (
    id INT PRIMARY KEY NOT NULL,
    id_servicio INT NOT NULL,
    nombre VARCHAR(64) NOT NULL,
    FOREIGN KEY (id_servicio) REFERENCES servicio(id)
);

INSERT INTO especialidad(id, nombre, id_servicio) VALUES
(2, "PEDIATRIA", 11),
(5, "OBSTETRICIA", 4),
(6, "ODONTOLOGIA", 5),
(7, "PSICOLOGIA", 6),
(8, "TOCOGINECOLOGIA", 7),
(9, "TRABAJO SOCIAL", 8),
(10, "MEDICINA GENERAL", 9),
(11, "CLINICA MEDICA", 4),
(12, "GINECOLOGIA", 109),
(13, "TRAUMATOLOGIA", 49),
(14, "NEFROLOGIA", 98),
(15, "DERMATOLOGIA", 133),
(17, "UROLOGIA", 75),
(18, "ONCOLOGIA", 48),
(19, "OFTALMOLOGIA", 47),
(20, "REUMATOLOGIA", 69),
(21, "NEUROLOGIA", 126),
(22, "CARDIOLOGIA", 77),
(23, "ESPECIALIDAD PRUEBA", 159),
(24, "PSIQUIATRIA", 6),
(26, "KINESIOLOGIA", 150),
(27, "FONOAUDIOLOGIA", 149),
(28, "PREVENCION", 5),
(30, "FISIATRIA", 71),
(31, "ENDOCRINOLOGIA INFANTIL", 68),
(32, "NEUROLOGIA INFANTIL", 126),
(33, "CARDIOLOGIA INFANTIL", 77),
(34, "GASTROENTEROLOGIA INFANTIL", 107),
(35, "ECOGRAFIA", 155),
(36, "ENDOCRINOLOGIA", 68),
(37, "ECOGRAFIA-ECODOPLER", 155),
(38, "ECOGRAFIA INFANTIL", 155),
(40, "ELECTROCARDIOGRAMA", 2),
(41, "TALLER DE PEDIATRIA", 11),
(42, "CITADOS POR ODONTOLOGIA", 5),
(43, "TOMA MUESTRA PARA LABORATORIO", 2),
(45, "ALERGIA", 164),
(53, "CUIDADOS PALIATIVOS", 169),
(56, "GUARDIA", 123),
(60, "NEUROCIRUGIA", 125),
(64, "NEUMONOLOGIA", 124),
(65, "ELECTROENCEFALOGRAMA", 2),
(66, "ODONTOLOGIA INFANTIL", 5),
(68, "TRAUMATO Y ORTOPEDIA INFANTIL", 49),
(72, "QUIROFANO", 207),
(79, "NEUMONOLOGIA INFANTIL", 124),
(84, "INFECTOLOGIA", 4),
(85, "CONSULTORIO EXTERNO PEDIATRIA", 168),
(88, "NEONATOLOGIA", 49),
(89, "HEMATOLOGIA",	110),
(102, "LABORATORIO DENTAL",	5),
(103, "EXODONCIA", 5),
(109, "PROTESIS DENTAL", 5),
(111, "DIAG. POR IMAGENES (MAMOGRAFIA)", 155),
(112, "CIRUGIA GENERAL", 85),
(113, "GASTROENTEROLOGIA", 107),
(118, "ENDOSCOPIA",	107),
(119, "ANESTESIOLOGIA",	193),
(122, "HEMODINAMIA", 125),
(139, "ADMISION", 5),
(141, " ADMISION ORTODONCIA", 205),
(142, "OTORRINOLARINGOLOGIA", 50),
(143, "PATOLOGIA MAMARIA",	109),
(144, "CIRUGIA CARDIOVASCULAR",	85),
(145, "CIRUGIA CABEZA Y CUELLO", 85),
(146, "GINECOLOGIA SEGUNDO NIVEL", 109),
(147, "CIRUGIA LAPAROSCOPICA",	85),
(148, "CIRUGIA ONCOLOGICA",	85),
(149, "CIRUGIA PLASTICA", 85),
(150, "CIRUGIA TORAXICA", 85),
(151, "GENETICA", 74),
(152, "COLPOSCOPIA ALTO RIESGO", 109),
(153, "ENDOCRINO Y REPRODUCCIÓN", 109),
(154, "PROCTOLOGIA", 64),
(157, "TOXICOLOGIA", 73),
(158, "FLEBOLOGIA",	55),
(160, "ONCOHEMATOLOGIA", 172),
(161, "GINECOLOGIA UROLOGICA", 109),
(162, "HOLTER",	2),
(163, "AUTOREFACTOMETRIA", 2),
(165, "FONDO DE OJOS", 47),
(166, "NUTRICION",	45),
(167, "NEURODESARROLLO", 186),
(168, "AUDIOLOGIA",	50),
(169, "MEDICINA LEGAL",	203),
(170, "POST ALTA",	5),
(171, "ERGOMETRIA",	77),
(172, "OTOEMISIONES", 149),
(173, "POTENCIALES EVOCADOS", 149),
(174, "ESPIROMETRIA", 9),
(175, "ELECTROMIOGRAFIA", 126),
(176, "TERAPIA OCUPACIONAL", 204),
(177, "1ERA VEZ", 48),
(178, "PRENUPCIALES", 10),
(179, "OPERATORIA",	5),
(180, "PERIODONCIA", 5),
(181, "ESTOMATOLOGIA", 5),
(182, "ADMISION Y OPERATORIA", 205),
(183, "ORTODONCIA",	205),
(184, "ENDODONCIA UNIRRADICULAR", 5),
(185, "FLAP", 149),
(186, "RAYOS", 5),
(187, "MONITOREO FETAL", 4),
(188, "CIRUGIA PARED ABDOMINAL", 85),
(189, "PREQUIRURGICO TGI", 5),
(190, "LIGADURA TUBARIA", 4),
(191, "AUDITORIA MEDICA", 206),
(192, "MEDICINA LABORAL", 206),
(193, "DISFUNCION SEXUAL", 75),
(194, "AUDIOMETRIA", 149),
(195, "MIASTENIA", 126),
(196, "SEGUIMIENTO ORTOPEDICO",	49),
(197, "MIEMBRO SUPERIOR", 49),
(198, "PIE DIABETICO", 49),
(199, "RODILLA", 49),
(200, "TOBILLO Y PIE", 49),
(201, "TRATAMIENTO LASER", 47),
(202, "ECOMETRIA", 47),
(203, "ECOGRAFIA OFTALMICA", 47),
(204, "PRUEBA DE BORRONES",	47),
(205, "FIBROSIS QUISTICA", 10),
(206, "CIRUGIA MAXILOFACIAL", 5),
(207, "LIGADURA TUBARIA VIDEOLAPAR", 109),
(208, "ENDODONCIA MULTIRRADICULAR",	5),
(209, "ENDODONCIA",	205),
(213, "COMITE (docencia, investigaciòn, etc.)",	48),
(214, "PATOLOGIA MAMARIA SEGUIMIENTO", 109),
(215, "PATOLOGIA MAMARIA POST ALTA", 109),
(217, "GINECOLOGÍA SEGUIMMIENTO", 109),
(218, "DISPOSITIVOS INTERDISCIPLINARIOS", 210),
(221, "PEDIATRIA  POST ALTA", 205),
(222, "DEPOSITO ODONTOLOGIA", 5),
(225, "AUDIOMETRIA INFANTIL", 149),
(229, "SEGUIMIENTO", 5),
(230, "PODOLOGIA", 214),
(231, "COLPOSCOPIA BAJO RIESGO", 109),
(236, "LAZOS POBLACIONALES (INFANCIAS)", 210),
(239, "ACOMPAÑAMIENTO DE PROCESOS DE ATENCIÓN/CUIDADOS", 210),
(240, "DESARROLLO INFANTIL", 210),
(242, "ECOGRAFIA GINECO - OBSTETRICA", 155),
(243, "MEDICINA TRANSFUSIONAL",	216),
(251, "MATRICIAL", 4),
(252, "GINECOLOGIA VIDEOLAPAROSCOPIA", 109),
(253, "ECOGRAFIA TRANSVAGINAL",	155),
(254, "ECOCARDIOGRAMA",	155),
(255, "ECOGRAFIA OBSTETRICA", 155),
(256, "ECOGRAFIA GINECOLOGICA",	155),
(257, "GINECOLOGIA HISTEROSCOPIA", 109),
(258, "CUIDADOS ESPECIALES DOLOR CRONICO", 65),
(261, "FONDO DE OJO DIABETES", 9),
(262, "CUIDADOS PALIATIVOS - RECETAS", 169),
(264, "CIRUGIA PLASTICA-QUEMADOS", 85),
(269, "POST ALTA - CURACIONES",	49),
(271, "ONCOLOGIA - NUTRICION", 48),
(273, "GINECOLOGIA - CLIMATERIO", 109),
(275, "CLINICA MEDICA - DIABETES", 10),
(276, "ENDOCRINOLOGIA - NODULO TIROIDEO", 68),
(277, "SUSTITUTIVOS - EL PUENTE ARTE Y SALUD", 210),
(278, "PROFILAXIS HIV", 218),
(280, "CONSEJERIA DE SALUD", 210),
(282, "ALERGIA INFANTIL", 164),
(283, "CONSEJERIA DE SALUD SEXUAL Y REPRODUCTIVA", 210),
(284, "violencia de género", 210),
(285, "AMEU", 210),
(288, "ALTO RIESGO NIÑOS", 219),
(289, "SEGUIMIENTO OBSTETRICO ESPECIAL - SOE",	219),
(290, "SALUD SEXUAL Y REPRODUCTIVA", 219),
(292, "ATENCION TEMPRANA",	219),
(302, "TRIAGE",	123),
(303, "RECONSTRUCCION",	5),
(313, "ALERGIA TESTIFICACIONES", 164);


-- Tabla turno
CREATE TABLE IF NOT EXISTS turno(
    id INT(20) PRIMARY KEY,
    id_estado INT NOT NULL,
    msj_confirmado TINYINT(1) NOT NULL,
    msj_reprogramado TINYINT(1) NOT NULL,
    msj_cancelado TINYINT(1) NOT NULL,
    msj_recordatorio TINYINT(1) NOT NULL,
    id_efector INT NOT NULL,
    id_servicio INT NOT NULL,
    id_especialidad INT NOT NULL,
    fecha DATE NOT NULL,
    hora TIME NOT NULL,
    FOREIGN KEY (id_estado) REFERENCES estado_turno(id),
    FOREIGN KEY (id_efector) REFERENCES efector(id),
    FOREIGN KEY (id_servicio) REFERENCES servicio(id),
    FOREIGN KEY (id_especialidad) REFERENCES especialidad(id)

);


-- Tabla de mensajes enviados
CREATE TABLE IF NOT EXISTS mensaje (
    id INT AUTO_INCREMENT PRIMARY KEY NOT NULL,
    id_mensaje VARCHAR(24) NULL,
    id_turno INT(20) NULL,
    numero VARCHAR(13) NOT NULL,
    id_plantilla INT NOT NULL,
    fecha_envio DATETIME NOT NULL,
    fecha_last_ack DATETIME NULL,
    id_estado INT NOT NULL,
    FOREIGN KEY (id_turno) REFERENCES turno(id),
    FOREIGN KEY (id_estado) REFERENCES estado_msj(id),
    FOREIGN KEY (id_plantilla) REFERENCES plantilla(id)
);




-- Relacion efector_plantilla
CREATE TABLE IF NOT EXISTS efector_plantilla(
    id INT AUTO_INCREMENT PRIMARY KEY NOT NULL,
    id_efector INT NOT NULL,
    id_servicio INT NOT NULL,
    id_especialidad INT NOT NULL,
    confirmacion TINYINT(1) NOT NULL,
    plantilla_conf INT NULL,
    reprogramacion TINYINT(1) NOT NULL,
    plantilla_repr INT NULL,
    cancelacion TINYINT(1) NOT NULL,
    plantilla_canc INT NULL,
    recordatorio TINYINT(1) NOT NULL,
    plantilla_reco INT NULL,
    dias_antes INT NULL,
    FOREIGN KEY (id_efector) REFERENCES efector(id),
    FOREIGN KEY (id_servicio) REFERENCES servicio(id),
    FOREIGN KEY (id_especialidad) REFERENCES especialidad(id),
    FOREIGN KEY (plantilla_conf) REFERENCES plantilla(id),
    FOREIGN KEY (plantilla_repr) REFERENCES plantilla(id),
    FOREIGN KEY (plantilla_canc) REFERENCES plantilla(id),
    FOREIGN KEY (plantilla_reco) REFERENCES plantilla(id)
);

INSERT INTO efector_plantilla(id_efector, id_servicio, id_especialidad, confirmacion, reprogramacion, 
cancelacion, recordatorio) VALUES
(1,	9,	261, 0, 0, 0, 0),
(1,	45,	166, 0, 0, 0, 0),
(1,	45,	229, 0, 0, 0, 0),
(1,	47,	261, 0, 0, 0, 0),
(1,	49,	13, 0, 0, 0, 0),
(1,	68,	276, 0, 0, 0, 0),
(1,	69,	20, 0, 0, 0, 0),
(1,	150, 26, 0, 0, 0, 0),
(1,	164, 313, 0, 0, 0, 0),
(1,	210, 277, 0, 0, 0, 0),
(1,	219, 189, 0, 0, 0, 0),
(1,	219, 288, 0, 0, 0, 0),
(1,	219, 289, 0, 0, 0, 0),
(1,	219, 290, 0, 0, 0, 0),
(1,	219, 292, 0, 0, 0, 0),
(2,	5,	6, 0, 0, 0, 0),
(2,	5,	139, 0, 0, 0, 0),
(2,	5,	186, 0, 0, 0, 0),
(2,	5,	208, 0, 0, 0, 0),
(2,	5,	222, 0, 0, 0, 0),
(2,	5,	229, 0, 0, 0, 0),
(2,	5,	303, 0, 0, 0, 0),
(2,	6,	7, 0, 0, 0, 0),
(2,	7,	8, 0, 0, 0, 0),
(2,	10,	11, 0, 0, 0, 0),
(2,	45,	166, 0, 0, 0, 0),
(2,	47,	19, 0, 0, 0, 0),
(2,	49,	13, 0, 0, 0, 0),
(2,	68,	36, 0, 0, 0, 0),
(2,	69,	20, 0, 0, 0, 0),
(2,	71,	30, 0, 0, 0, 0),
(2,	75,	17, 0, 0, 0, 0),
(2,	77,	22, 0, 0, 0, 0),
(2,	77,	170, 0, 0, 0, 0),
(2,	98,	14, 0, 0, 0, 0),
(2,	107,	113, 0, 0, 0, 0),
(2,	109,	12, 0, 0, 0, 0),
(2,	110,	89, 0, 0, 0, 0),
(2,	124,	64, 0, 0, 0, 0),
(2,	124,	79, 0, 0, 0, 0),
(2,	126,	21, 0, 0, 0, 0),
(2,	126,	32, 0, 0, 0, 0),
(2,	133,	15, 0, 0, 0, 0),
(2,	134,	14, 0, 0, 0, 0),
(2,	149,	27, 0, 0, 0, 0),
(2,	150,	26, 0, 0, 0, 0),
(2,	152,	84, 0, 0, 0, 0),
(2,	155,	254, 0, 0, 0, 0),
(2,	164,	45, 0, 0, 0, 0),
(2,	164,	282, 0, 0, 0, 0),
(2,	164,	313, 0, 0, 0, 0),
(2,	168,	85, 0, 0, 0, 0),
(2,	169,	53, 0, 0, 0, 0),
(2,	169,	262, 0, 0, 0, 0),
(2,	186,	2, 0, 0, 0, 0),
(2,	203,	169, 0, 0, 0, 0),
(2,	204,	176, 0, 0, 0, 0),
(2,	206,	192, 0, 0, 0, 0),
(2,	210,	239, 0, 0, 0, 0),
(2,	210,	283, 0, 0, 0, 0),
(2,	210,	284, 0, 0, 0, 0),
(2,	210,	285, 0, 0, 0, 0),
(4,	10,	11, 0, 0, 0, 0),
(4,	109,	273, 0, 0, 0, 0),
(4,	123,	56, 0, 0, 0, 0),
(4,	123,	302, 0, 0, 0, 0),
(5,	2,	40, 0, 0, 0, 0),
(5,	2,	65, 0, 0, 0, 0),
(5,	2,	162, 0, 0, 0, 0),
(5,	2,	163, 0, 0, 0, 0),
(5,	4,	5, 0, 0, 0, 0),
(5,	4,	11, 0, 0, 0, 0),
(5,	4,	84, 0, 0, 0, 0),
(5,	4,	187, 0, 0, 0, 0),
(5,	4,	190, 0, 0, 0, 0),
(5,	4,	251, 0, 0, 0, 0),
(5,	5,	6, 0, 0, 0, 0),
(5,	5,	28, 0, 0, 0, 0),
(5,	5,	42, 0, 0, 0, 0),
(5,	5,	66, 0, 0, 0, 0),
(5,	5,	102, 0, 0, 0, 0),
(5,	5,	103, 0, 0, 0, 0),
(5,	5,	109, 0, 0, 0, 0),
(5,	5,	139, 0, 0, 0, 0),
(5,	5,	170, 0, 0, 0, 0),
(5,	5,	179, 0, 0, 0, 0),
(5,	5,	180, 0, 0, 0, 0),
(5,	5,	181, 0, 0, 0, 0),
(5,	5,	184, 0, 0, 0, 0),
(5,	5,	186, 0, 0, 0, 0),
(5,	5,	189, 0, 0, 0, 0),
(5,	5,	206, 0, 0, 0, 0),
(5,	5,	208, 0, 0, 0, 0),
(5,	10,	11, 0, 0, 0, 0),
(5,	10,	178, 0, 0, 0, 0),
(5,	10,	205, 0, 0, 0, 0),
(5,	10,	275, 0, 0, 0, 0),
(5,	45,	166, 0, 0, 0, 0),
(5,	45,	229, 0, 0, 0, 0),
(5,	47,	19, 0, 0, 0, 0),
(5,	47,	165, 0, 0, 0, 0),
(5,	47,	170, 0, 0, 0, 0),
(5,	47,	201, 0, 0, 0, 0),
(5,	47,	202, 0, 0, 0, 0),
(5,	47,	203, 0, 0, 0, 0),
(5,	47,	204, 0, 0, 0, 0),
(5,	47,	261, 0, 0, 0, 0),
(5,	48,	7, 0, 0, 0, 0),
(5,	48,	9, 0, 0, 0, 0),
(5,	48,	18, 0, 0, 0, 0),
(5,	48,	177, 0, 0, 0, 0),
(5,	48,	213, 0, 0, 0, 0),
(5,	48,	271, 0, 0, 0, 0),
(5,	49,	13, 0, 0, 0, 0),
(5,	49,	18, 0, 0, 0, 0),
(5,	49,	88, 0, 0, 0, 0),
(5,	49,	170, 0, 0, 0, 0),
(5,	49,	196, 0, 0, 0, 0),
(5,	49,	197, 0, 0, 0, 0),
(5,	49,	198, 0, 0, 0, 0),
(5,	49,	199, 0, 0, 0, 0),
(5,	49,	200, 0, 0, 0, 0),
(5,	49,	269, 0, 0, 0, 0),
(5,	50,	142, 0, 0, 0, 0),
(5,	50,	168, 0, 0, 0, 0),
(5,	50,	170, 0, 0, 0, 0),
(5,	55,	158, 0, 0, 0, 0),
(5,	64,	154, 0, 0, 0, 0),
(5,	64,	170, 0, 0, 0, 0),
(5,	68,	36, 0, 0, 0, 0),
(5,	69,	20, 0, 0, 0, 0),
(5,	71,	30, 0, 0, 0, 0),
(5,	73,	157, 0, 0, 0, 0),
(5,	74,	151, 0, 0, 0, 0),
(5,	75,	17, 0, 0, 0, 0),
(5,	75,	18, 0, 0, 0, 0),
(5,	75,	170, 0, 0, 0, 0),
(5,	75,	193, 0, 0, 0, 0),
(5,	77,	5, 0, 0, 0, 0),
(5,	77,	22, 0, 0, 0, 0),
(5,	77,	170, 0, 0, 0, 0),
(5,	77,	171, 0, 0, 0, 0),
(5,	77,	189, 0, 0, 0, 0),
(5,	85,	112, 0, 0, 0, 0),
(5,	85,	144, 0, 0, 0, 0),
(5,	85,	145, 0, 0, 0, 0),
(5,	85,	147, 0, 0, 0, 0),
(5,	85,	148, 0, 0, 0, 0),
(5,	85,	149, 0, 0, 0, 0),
(5,	85,	150, 0, 0, 0, 0),
(5,	85,	170, 0, 0, 0, 0),
(5,	85,	188, 0, 0, 0, 0),
(5,	85,	264, 0, 0, 0, 0),
(5,	98,	14, 0, 0, 0, 0),
(5,	107,	113, 0, 0, 0, 0),
(5,	107,	118, 0, 0, 0, 0),
(5,	107,	170, 0, 0, 0, 0),
(5,	109,	12, 0, 0, 0, 0),
(5,	109,	18, 0, 0, 0, 0),
(5,	109,	143, 0, 0, 0, 0),
(5,	109,	146, 0, 0, 0, 0),
(5,	109,	152, 0, 0, 0, 0),
(5,	109,	153, 0, 0, 0, 0),
(5,	109,	161, 0, 0, 0, 0),
(5,	109,	170, 0, 0, 0, 0),
(5,	109,	207, 0, 0, 0, 0),
(5,	109,	214, 0, 0, 0, 0),
(5,	109,	215, 0, 0, 0, 0),
(5,	109,	217, 0, 0, 0, 0),
(5,	109,	231, 0, 0, 0, 0),
(5,	109,	252, 0, 0, 0, 0),
(5,	109,	257, 0, 0, 0, 0),
(5,	109,	273, 0, 0, 0, 0),
(5,	110,	18, 0, 0, 0, 0),
(5,	110,	89, 0, 0, 0, 0),
(5,	124,	64, 0, 0, 0, 0),
(5,	124,	118, 0, 0, 0, 0),
(5,	124,	170, 0, 0, 0, 0),
(5,	124,	174, 0, 0, 0, 0),
(5,	125,	60, 0, 0, 0, 0),
(5,	125,	122, 0, 0, 0, 0),
(5,	125,	170, 0, 0, 0, 0),
(5,	126,	21, 0, 0, 0, 0),
(5,	126,	170, 0, 0, 0, 0),
(5,	126,	175, 0, 0, 0, 0),
(5,	126,	195, 0, 0, 0, 0),
(5,	133,	15, 0, 0, 0, 0),
(5,	149,	168, 0, 0, 0, 0),
(5,	149,	172, 0, 0, 0, 0),
(5,	149,	173, 0, 0, 0, 0),
(5,	149,	185, 0, 0, 0, 0),
(5,	149,	194, 0, 0, 0, 0),
(5,	149,	225, 0, 0, 0, 0),
(5,	150,	26, 0, 0, 0, 0),
(5,	150,	177, 0, 0, 0, 0),
(5,	152,	5, 0, 0, 0, 0),
(5,	152,	84, 0, 0, 0, 0),
(5,	152,	88, 0, 0, 0, 0),
(5,	152,	170, 0, 0, 0, 0),
(5,	169,	30, 0, 0, 0, 0),
(5,	169,	53, 0, 0, 0, 0),
(5,	169,	262, 0, 0, 0, 0),
(5,	172,	160, 0, 0, 0, 0),
(5,	186,	2, 0, 0, 0, 0),
(5,	186,	88, 0, 0, 0, 0),
(5,	186,	167, 0, 0, 0, 0),
(5,	193,	119, 0, 0, 0, 0),
(5,	203,	169, 0, 0, 0, 0),
(5,	204,	176, 0, 0, 0, 0),
(5,	205,	42, 0, 0, 0, 0),
(5,	205,	103, 0, 0, 0, 0),
(5,	205,	141, 0, 0, 0, 0),
(5,	205,	182, 0, 0, 0, 0),
(5,	205,	183, 0, 0, 0, 0),
(5,	205,	184, 0, 0, 0, 0),
(5,	205,	185, 0, 0, 0, 0),
(5,	205,	208, 0, 0, 0, 0),
(5,	205,	209, 0, 0, 0, 0),
(5,	205,	221, 0, 0, 0, 0),
(5,	206,	7, 0, 0, 0, 0),
(5,	206,	11, 0, 0, 0, 0),
(5,	206,	12, 0, 0, 0, 0),
(5,	206,	13, 0, 0, 0, 0),
(5,	206,	22, 0, 0, 0, 0),
(5,	206,	24, 0, 0, 0, 0),
(5,	206,	26, 0, 0, 0, 0),
(5,	206,	40, 0, 0, 0, 0),
(5,	206,	64, 0, 0, 0, 0),
(5,	206,	168, 0, 0, 0, 0),
(5,	206,	174, 0, 0, 0, 0),
(5,	206,	176, 0, 0, 0, 0),
(5,	206,	191, 0, 0, 0, 0),
(5,	206,	192, 0, 0, 0, 0),
(5,	206,	194, 0, 0, 0, 0),
(5,	207,	12, 0, 0, 0, 0),
(5,	207,	17, 0, 0, 0, 0),
(5,	207,	72, 0, 0, 0, 0),
(5,	208,	5, 0, 0, 0, 0),
(5,	208,	151, 0, 0, 0, 0),
(5,	209,	10, 0, 0, 0, 0),
(5,	210,	280, 0, 0, 0, 0),
(5,	211,	218, 0, 0, 0, 0),
(5,	214,	230, 0, 0, 0, 0),
(5,	216,	243, 0, 0, 0, 0),
(5,	218,	278, 0, 0, 0, 0),
(7,	10,	11, 0, 0, 0, 0),
(7,	77,	22, 0, 0, 0, 0),
(7,	124,	64, 0, 0, 0, 0),
(7,	124,	174, 0, 0, 0, 0),
(7,	126,	21, 0, 0, 0, 0),
(10,	5,	6, 0, 0, 0, 0),
(10,	6,	7, 0, 0, 0, 0),
(10,	6,	24, 0, 0, 0, 0),
(10,	7,	8, 0, 0, 0, 0),
(10,	9,	10, 0, 0, 0, 0),
(10,	10,	11, 0, 0, 0, 0),
(10,	11,	2, 0, 0, 0, 0),
(11,	4,	251, 0, 0, 0, 0),
(11,	5,	6, 0, 0, 0, 0),
(11,	5,	42, 0, 0, 0, 0),
(11,	6,	7, 0, 0, 0, 0),
(11,	6,	24, 0, 0, 0, 0),
(11,	7,	8, 0, 0, 0, 0),
(11,	8,	9, 0, 0, 0, 0),
(11,	9,	10, 0, 0, 0, 0),
(11,	9,	174, 0, 0, 0, 0),
(11,	10,	11, 0, 0, 0, 0),
(11,	11,	2, 0, 0, 0, 0),
(11,	149,	27, 0, 0, 0, 0),
(11,	150,	26, 0, 0, 0, 0),
(11,	210,	239, 0, 0, 0, 0),
(12,	4,	251, 0, 0, 0, 0),
(12,	5,	6, 0, 0, 0, 0),
(12,	6,	7, 0, 0, 0, 0),
(12,	6,	24, 0, 0, 0, 0),
(12,	7,	8, 0, 0, 0, 0),
(12,	9,	10, 0, 0, 0, 0),
(12,	10,	11, 0, 0, 0, 0),
(12,	10,	275, 0, 0, 0, 0),
(12,	11,	2, 0, 0, 0, 0),
(12,	149,	27, 0, 0, 0, 0),
(13,	2,	43, 0, 0, 0, 0),
(13,	4,	251, 0, 0, 0, 0),
(13,	5,	6, 0, 0, 0, 0),
(13,	6,	7, 0, 0, 0, 0),
(13,	6,	24, 0, 0, 0, 0),
(13,	7,	8, 0, 0, 0, 0),
(13,	9,	10, 0, 0, 0, 0),
(13,	10,	11, 0, 0, 0, 0),
(13,	11,	2, 0, 0, 0, 0),
(13,	149,	27, 0, 0, 0, 0),
(14,	4,	5, 0, 0, 0, 0),
(14,	5,	6, 0, 0, 0, 0),
(14,	6,	7, 0, 0, 0, 0),
(14,	6,	24, 0, 0, 0, 0),
(14,	9,	10, 0, 0, 0, 0),
(14,	11,	2, 0, 0, 0, 0),
(14,	150,	26, 0, 0, 0, 0),
(16,	9,	10, 0, 0, 0, 0),
(16,	10,	11, 0, 0, 0, 0),
(16,	11,	2, 0, 0, 0, 0),
(18,	7,	8, 0, 0, 0, 0),
(18,	9,	10, 0, 0, 0, 0),
(18,	10,	11, 0, 0, 0, 0),
(18,	11,	2, 0, 0, 0, 0),
(19,	5,	6, 0, 0, 0, 0),
(19,	6,	24, 0, 0, 0, 0),
(19,	9,	10, 0, 0, 0, 0),
(19,	10,	11, 0, 0, 0, 0),
(19,	11,	2, 0, 0, 0, 0),
(19,	67,	7, 0, 0, 0, 0),
(19,	149,	27, 0, 0, 0, 0),
(19,	210,	239, 0, 0, 0, 0),
(21,	5,	6, 0, 0, 0, 0),
(21,	6,	24, 0, 0, 0, 0),
(21,	7,	8, 0, 0, 0, 0),
(21,	9,	10, 0, 0, 0, 0),
(21,	9,	261, 0, 0, 0, 0),
(21,	10,	11, 0, 0, 0, 0),
(21,	11,	2, 0, 0, 0, 0),
(21,	149,	27, 0, 0, 0, 0),
(21,	210,	239, 0, 0, 0, 0),
(22,	2,	40, 0, 0, 0, 0),
(22,	4,	5, 0, 0, 0, 0),
(22,	4,	251, 0, 0, 0, 0),
(22,	5,	6, 0, 0, 0, 0),
(22,	5,	103, 0, 0, 0, 0),
(22,	5,	170, 0, 0, 0, 0),
(22,	5,	179, 0, 0, 0, 0),
(22,	5,	184, 0, 0, 0, 0),
(22,	5,	208, 0, 0, 0, 0),
(22,	6,	7, 0, 0, 0, 0),
(22,	6,	24, 0, 0, 0, 0),
(22,	8,	9, 0, 0, 0, 0),
(22,	9,	10, 0, 0, 0, 0),
(22,	9,	261, 0, 0, 0, 0),
(22,	10,	11, 0, 0, 0, 0),
(22,	11,	2, 0, 0, 0, 0),
(22,	11,	41, 0, 0, 0, 0),
(22,	45,	166, 0, 0, 0, 0),
(22,	49,	13, 0, 0, 0, 0),
(22,	49,	68, 0, 0, 0, 0),
(22,	65,	258, 0, 0, 0, 0),
(22,	68,	31, 0, 0, 0, 0),
(22,	68,	36, 0, 0, 0, 0),
(22,	69,	20, 0, 0, 0, 0),
(22,	71,	30, 0, 0, 0, 0),
(22,	77,	22, 0, 0, 0, 0),
(22,	77,	33, 0, 0, 0, 0),
(22,	77,	189, 0, 0, 0, 0),
(22,	98,	14, 0, 0, 0, 0),
(22,	107,	34, 0, 0, 0, 0),
(22,	107,	113, 0, 0, 0, 0),
(22,	109,	12, 0, 0, 0, 0),
(22,	109,	231, 0, 0, 0, 0),
(22,	118,	166, 0, 0, 0, 0),
(22,	124,	64, 0, 0, 0, 0),
(22,	124,	79, 0, 0, 0, 0),
(22,	124,	174, 0, 0, 0, 0),
(22,	126,	21, 0, 0, 0, 0),
(22,	126,	32, 0, 0, 0, 0),
(22,	133,	15, 0, 0, 0, 0),
(22,	149,	27, 0, 0, 0, 0),
(22,	150,	26, 0, 0, 0, 0),
(22,	152,	84, 0, 0, 0, 0),
(22,	155,	35, 0, 0, 0, 0),
(22,	155,	37, 0, 0, 0, 0),
(22,	155,	38, 0, 0, 0, 0),
(22,	155,	111, 0, 0, 0, 0),
(22,	155,	242, 0, 0, 0, 0),
(22,	169,	53, 0, 0, 0, 0),
(22,	210,	239, 0, 0, 0, 0),
(23,	2,	40, 0, 0, 0, 0),
(23,	5,	6, 0, 0, 0, 0),
(23,	6,	7, 0, 0, 0, 0),
(23,	6,	24, 0, 0, 0, 0),
(23,	7,	8, 0, 0, 0, 0),
(23,	9,	10, 0, 0, 0, 0),
(23,	10,	11, 0, 0, 0, 0),
(23,	11,	2, 0, 0, 0, 0),
(23,	77,	22, 0, 0, 0, 0),
(23,	109,	231, 0, 0, 0, 0),
(23,	149,	27, 0, 0, 0, 0),
(24,	4,	5, 0, 0, 0, 0),
(24,	5,	6, 0, 0, 0, 0),
(24,	6,	7, 0, 0, 0, 0),
(24,	7,	8, 0, 0, 0, 0),
(24,	8,	9, 0, 0, 0, 0),
(24,	9,	10, 0, 0, 0, 0),
(24,	9,	261, 0, 0, 0, 0),
(24,	10,	11, 0, 0, 0, 0),
(24,	11,	2, 0, 0, 0, 0),
(24,	45,	166, 0, 0, 0, 0),
(24,	68,	36, 0, 0, 0, 0),
(24,	77,	22, 0, 0, 0, 0),
(24,	107,	113, 0, 0, 0, 0),
(24,	109,	12, 0, 0, 0, 0),
(24,	124,	64, 0, 0, 0, 0),
(24,	124,	79, 0, 0, 0, 0),
(24,	126,	21, 0, 0, 0, 0),
(24,	133,	15, 0, 0, 0, 0),
(24,	149,	27, 0, 0, 0, 0),
(24,	150,	26, 0, 0, 0, 0),
(24,	155,	35, 0, 0, 0, 0),
(24,	155,	255, 0, 0, 0, 0),
(24,	155,	256, 0, 0, 0, 0),
(24,	210,	239, 0, 0, 0, 0),
(25,	5,	6, 0, 0, 0, 0),
(25,	6,	7, 0, 0, 0, 0),
(25,	6,	24, 0, 0, 0, 0),
(25,	9,	10, 0, 0, 0, 0),
(25,	10,	11, 0, 0, 0, 0),
(25,	11,	2, 0, 0, 0, 0),
(25,	149,	27, 0, 0, 0, 0),
(25,	150,	26, 0, 0, 0, 0),
(25,	210,	218, 0, 0, 0, 0),
(26,	9,	10, 0, 0, 0, 0),
(26,	10,	11, 0, 0, 0, 0),
(26,	11,	2, 0, 0, 0, 0),
(29,	4,	5, 0, 0, 0, 0),
(29,	5,	6, 0, 0, 0, 0),
(29,	6,	7, 0, 0, 0, 0),
(29,	8,	9, 0, 0, 0, 0),
(29,	9,	10, 0, 0, 0, 0),
(29,	10,	11, 0, 0, 0, 0),
(29,	11,	2, 0, 0, 0, 0),
(29,	109,	12, 0, 0, 0, 0),
(29,	149,	27, 0, 0, 0, 0),
(29,	150,	26, 0, 0, 0, 0),
(29,	210,	239, 0, 0, 0, 0),
(31,	5,	6, 0, 0, 0, 0),
(31,	5,	208, 0, 0, 0, 0),
(31,	6,	7, 0, 0, 0, 0),
(31,	7,	8, 0, 0, 0, 0),
(31,	8,	9, 0, 0, 0, 0),
(31,	9,	10, 0, 0, 0, 0),
(31,	10,	11, 0, 0, 0, 0),
(31,	11,	2, 0, 0, 0, 0),
(31,	149,	27, 0, 0, 0, 0),
(32,	5,	6, 0, 0, 0, 0),
(32,	5,	139, 0, 0, 0, 0),
(32,	5,	170, 0, 0, 0, 0),
(32,	6,	7, 0, 0, 0, 0),
(32,	6,	24, 0, 0, 0, 0),
(32,	7,	8, 0, 0, 0, 0),
(32,	9,	10, 0, 0, 0, 0),
(32,	10,	11, 0, 0, 0, 0),
(32,	11,	2, 0, 0, 0, 0),
(32,	149,	27, 0, 0, 0, 0),
(32,	210,	239, 0, 0, 0, 0),
(33,	4,	5, 0, 0, 0, 0),
(33,	5,	6, 0, 0, 0, 0),
(33,	6,	7, 0, 0, 0, 0),
(33,	6,	24, 0, 0, 0, 0),
(33,	9,	10, 0, 0, 0, 0),
(33,	10,	11, 0, 0, 0, 0),
(33,	11,	2, 0, 0, 0, 0),
(33,	109,	12, 0, 0, 0, 0),
(33,	210,	218, 0, 0, 0, 0),
(34,	5,	6, 0, 0, 0, 0),
(34,	6,	7, 0, 0, 0, 0),
(34,	6,	24, 0, 0, 0, 0),
(34,	7,	8, 0, 0, 0, 0),
(34,	8,	9, 0, 0, 0, 0),
(34,	9,	10, 0, 0, 0, 0),
(34,	10,	11, 0, 0, 0, 0),
(34,	11,	2, 0, 0, 0, 0),
(34,	149,	27, 0, 0, 0, 0),
(34,	210,	218, 0, 0, 0, 0),
(34,	210,	236, 0, 0, 0, 0),
(34,	210,	240, 0, 0, 0, 0),
(35,	5,	6, 0, 0, 0, 0),
(35,	6,	7, 0, 0, 0, 0),
(35,	6,	24, 0, 0, 0, 0),
(35,	7,	8, 0, 0, 0, 0),
(35,	9,	10, 0, 0, 0, 0),
(35,	10,	11, 0, 0, 0, 0),
(35,	11,	2, 0, 0, 0, 0),
(35,	149,	27, 0, 0, 0, 0),
(35,	210,	239, 0, 0, 0, 0),
(36,	5,	6, 0, 0, 0, 0),
(36,	6,	7, 0, 0, 0, 0),
(36,	6,	24, 0, 0, 0, 0),
(36,	7,	8, 0, 0, 0, 0),
(36,	9,	10, 0, 0, 0, 0),
(36,	10,	11, 0, 0, 0, 0),
(36,	11,	2, 0, 0, 0, 0),
(36,	210,	239, 0, 0, 0, 0),
(37,	5,	6, 0, 0, 0, 0),
(37,	6,	7, 0, 0, 0, 0),
(37,	6,	24, 0, 0, 0, 0),
(37,	7,	8, 0, 0, 0, 0),
(37,	8,	9, 0, 0, 0, 0),
(37,	9,	10, 0, 0, 0, 0),
(37,	10,	11, 0, 0, 0, 0),
(37,	11,	2, 0, 0, 0, 0),
(38,	4,	5, 0, 0, 0, 0),
(38,	5,	6, 0, 0, 0, 0),
(38,	6,	7, 0, 0, 0, 0),
(38,	6,	24, 0, 0, 0, 0),
(38,	7,	8, 0, 0, 0, 0),
(38,	9,	10, 0, 0, 0, 0),
(38,	10,	11, 0, 0, 0, 0),
(38,	11,	2, 0, 0, 0, 0),
(38,	67,	7, 0, 0, 0, 0),
(38,	109,	12, 0, 0, 0, 0),
(38,	210,	239, 0, 0, 0, 0),
(39,	5,	6, 0, 0, 0, 0),
(39,	6,	7, 0, 0, 0, 0),
(39,	6,	24, 0, 0, 0, 0),
(39,	7,	8, 0, 0, 0, 0),
(39,	9,	10, 0, 0, 0, 0),
(39,	10,	11, 0, 0, 0, 0),
(39,	11,	2, 0, 0, 0, 0),
(39,	109,	12, 0, 0, 0, 0),
(40,	5,	6, 0, 0, 0, 0),
(40,	6,	7, 0, 0, 0, 0),
(40,	6,	24, 0, 0, 0, 0),
(40,	9,	10, 0, 0, 0, 0),
(40,	9,	261, 0, 0, 0, 0),
(40,	10,	11, 0, 0, 0, 0),
(40,	11,	2, 0, 0, 0, 0),
(40,	149,	27, 0, 0, 0, 0),
(40,	210,	239, 0, 0, 0, 0),
(41,	5,	6, 0, 0, 0, 0),
(41,	6,	7, 0, 0, 0, 0),
(41,	6,	24, 0, 0, 0, 0),
(41,	7,	8, 0, 0, 0, 0),
(41,	9,	10, 0, 0, 0, 0),
(41,	11,	2, 0, 0, 0, 0),
(41,	67,	7, 0, 0, 0, 0),
(41,	149,	27, 0, 0, 0, 0),
(42,	5,	6, 0, 0, 0, 0),
(42,	6,	7, 0, 0, 0, 0),
(42,	6,	24, 0, 0, 0, 0),
(42,	7,	8, 0, 0, 0, 0),
(42,	9,	10, 0, 0, 0, 0),
(42,	10,	11, 0, 0, 0, 0),
(42,	11,	2, 0, 0, 0, 0),
(43,	6,	7, 0, 0, 0, 0),
(43,	6,	24, 0, 0, 0, 0),
(43,	7,	8, 0, 0, 0, 0),
(43,	9,	10, 0, 0, 0, 0),
(43,	10,	11, 0, 0, 0, 0),
(43,	11,	2, 0, 0, 0, 0),
(43,	71,	30, 0, 0, 0, 0),
(43,	150,	26, 0, 0, 0, 0),
(43,	210,	239, 0, 0, 0, 0),
(44,	5,	6, 0, 0, 0, 0),
(44,	6,	7, 0, 0, 0, 0),
(44,	6,	24, 0, 0, 0, 0),
(44,	7,	8, 0, 0, 0, 0),
(44,	9,	10, 0, 0, 0, 0),
(44,	10,	11, 0, 0, 0, 0),
(44,	11,	2, 0, 0, 0, 0),
(45,	6,	7, 0, 0, 0, 0),
(45,	8,	9, 0, 0, 0, 0),
(45,	9,	10, 0, 0, 0, 0),
(45,	10,	11, 0, 0, 0, 0),
(45,	11,	2, 0, 0, 0, 0),
(47,	5,	6, 0, 0, 0, 0),
(47,	6,	7, 0, 0, 0, 0),
(47,	9,	10, 0, 0, 0, 0),
(47,	10,	11, 0, 0, 0, 0),
(47,	11,	2, 0, 0, 0, 0),
(47,	109,	12, 0, 0, 0, 0),
(47,	149,	27, 0, 0, 0, 0),
(48,	5,	6, 0, 0, 0, 0),
(48,	6,	7, 0, 0, 0, 0),
(48,	6,	24, 0, 0, 0, 0),
(48,	7,	8, 0, 0, 0, 0),
(48,	9,	10, 0, 0, 0, 0),
(48,	10,	11, 0, 0, 0, 0),
(48,	11,	2, 0, 0, 0, 0),
(48,	149,	27, 0, 0, 0, 0),
(48,	210,	239, 0, 0, 0, 0),
(50,	4,	5, 0, 0, 0, 0),
(50,	5,	6, 0, 0, 0, 0),
(50,	5,	170, 0, 0, 0, 0),
(50,	5,	184, 0, 0, 0, 0),
(50,	5,	186, 0, 0, 0, 0),
(50,	5,	208, 0, 0, 0, 0),
(50,	6,	7, 0, 0, 0, 0),
(50,	6,	24, 0, 0, 0, 0),
(50,	7,	8, 0, 0, 0, 0),
(50,	8,	9, 0, 0, 0, 0),
(50,	9,	10, 0, 0, 0, 0),
(50,	9,	261, 0, 0, 0, 0),
(50,	10,	11, 0, 0, 0, 0),
(50,	11,	2, 0, 0, 0, 0),
(50,	45,	166, 0, 0, 0, 0),
(50,	47,	261, 0, 0, 0, 0),
(50,	49,	13, 0, 0, 0, 0),
(50,	65,	258, 0, 0, 0, 0),
(50,	68,	36, 0, 0, 0, 0),
(50,	69,	20, 0, 0, 0, 0),
(50,	77,	22, 0, 0, 0, 0),
(50,	107,	113, 0, 0, 0, 0),
(50,	109,	12, 0, 0, 0, 0),
(50,	124,	64, 0, 0, 0, 0),
(50,	124,	79, 0, 0, 0, 0),
(50,	124,	174, 0, 0, 0, 0),
(50,	126,	21, 0, 0, 0, 0),
(50,	133,	15, 0, 0, 0, 0),
(50,	149,	27, 0, 0, 0, 0),
(50,	152,	84, 0, 0, 0, 0),
(50,	155,	35, 0, 0, 0, 0),
(50,	155,	242, 0, 0, 0, 0),
(50,	155,	254, 0, 0, 0, 0),
(50,	155,	255, 0, 0, 0, 0),
(50,	155,	256, 0, 0, 0, 0),
(50,	169,	53, 0, 0, 0, 0),
(50,	210,	239, 0, 0, 0, 0),
(52,	5,	6, 0, 0, 0, 0),
(52,	6,	7, 0, 0, 0, 0),
(52,	7,	8, 0, 0, 0, 0),
(52,	8,	9, 0, 0, 0, 0),
(52,	9,	10, 0, 0, 0, 0),
(52,	10,	11, 0, 0, 0, 0),
(52,	11,	2, 0, 0, 0, 0),
(52,	149,	27, 0, 0, 0, 0),
(62,	109,	231, 0, 0, 0, 0),
(63,	5,	6, 0, 0, 0, 0),
(63,	5,	139, 0, 0, 0, 0),
(63,	6,	7, 0, 0, 0, 0),
(63,	6,	24, 0, 0, 0, 0),
(63,	7,	8, 0, 0, 0, 0),
(63,	8,	9, 0, 0, 0, 0),
(63,	9,	10, 0, 0, 0, 0),
(63,	10,	11, 0, 0, 0, 0),
(63,	11,	2, 0, 0, 0, 0),
(63,	149,	27, 0, 0, 0, 0),
(64,	4,	5, 0, 0, 0, 0),
(64,	5,	6, 0, 0, 0, 0),
(64,	6,	7, 0, 0, 0, 0),
(64,	9,	10, 0, 0, 0, 0),
(64,	10,	11, 0, 0, 0, 0),
(64,	11,	2, 0, 0, 0, 0),
(64,	71,	30, 0, 0, 0, 0),
(64,	109,	12, 0, 0, 0, 0),
(64,	149,	27, 0, 0, 0, 0),
(64,	150,	26, 0, 0, 0, 0),
(65,	5,	6, 0, 0, 0, 0),
(65,	6,	7, 0, 0, 0, 0),
(65,	6,	24, 0, 0, 0, 0),
(65,	9,	10, 0, 0, 0, 0),
(65,	10,	11, 0, 0, 0, 0),
(65,	11,	2, 0, 0, 0, 0),
(65,	149,	27, 0, 0, 0, 0),
(91,	5,	6, 0, 0, 0, 0),
(91,	6,	7, 0, 0, 0, 0),
(91,	6,	24, 0, 0, 0, 0),
(91,	9,	10, 0, 0, 0, 0),
(91,	10,	11, 0, 0, 0, 0),
(91,	11,	2, 0, 0, 0, 0),
(93,	5,	6, 0, 0, 0, 0),
(93,	6,	7, 0, 0, 0, 0),
(93,	6,	24, 0, 0, 0, 0),
(93,	7,	8, 0, 0, 0, 0),
(93,	9,	10, 0, 0, 0, 0),
(93,	10,	11, 0, 0, 0, 0),
(93,	11,	2, 0, 0, 0, 0),
(93,	149,	27, 0, 0, 0, 0),
(95,	6,	7, 0, 0, 0, 0),
(95,	7,	8, 0, 0, 0, 0),
(95,	9,	10, 0, 0, 0, 0),
(95,	10,	11, 0, 0, 0, 0),
(95,	11,	2, 0, 0, 0, 0),
(95,	149,	27, 0, 0, 0, 0),
(95,	210,	239, 0, 0, 0, 0),
(96,	4,	5, 0, 0, 0, 0),
(96,	6,	7, 0, 0, 0, 0),
(96,	6,	24, 0, 0, 0, 0),
(96,	7,	8, 0, 0, 0, 0),
(96,	9,	10, 0, 0, 0, 0),
(96,	10,	11, 0, 0, 0, 0),
(96,	11,	2, 0, 0, 0, 0),
(96,	109,	12, 0, 0, 0, 0),
(96,	133,	15, 0, 0, 0, 0),
(100,	159,	23, 0, 0, 0, 0),
(101,	2,	40, 0, 0, 0, 0),
(101,	4,	251, 0, 0, 0, 0),
(101,	5,	6, 0, 0, 0, 0),
(101,	6,	7, 0, 0, 0, 0),
(101,	7,	8, 0, 0, 0, 0),
(101,	9,	10, 0, 0, 0, 0),
(101,	9,	261, 0, 0, 0, 0),
(101,	10,	11, 0, 0, 0, 0),
(101,	11,	2, 0, 0, 0, 0),
(101,	45,	166, 0, 0, 0, 0),
(101,	47,	19, 0, 0, 0, 0),
(101,	49,	13, 0, 0, 0, 0),
(101,	65,	258, 0, 0, 0, 0),
(101,	68,	36, 0, 0, 0, 0),
(101,	77,	5, 0, 0, 0, 0),
(101,	77,	22, 0, 0, 0, 0),
(101,	98,	14, 0, 0, 0, 0),
(101,	107,	113, 0, 0, 0, 0),
(101,	109,	152, 0, 0, 0, 0),
(101,	124,	64, 0, 0, 0, 0),
(101,	126,	21, 0, 0, 0, 0),
(101,	133,	15, 0, 0, 0, 0),
(101,	155,	35, 0, 0, 0, 0),
(101,	155,	242, 0, 0, 0, 0),
(101,	155,	253, 0, 0, 0, 0),
(101,	155,	254, 0, 0, 0, 0),
(101,	169,	53, 0, 0, 0, 0),
(101,	210,	239, 0, 0, 0, 0),
(102,	5,	6, 0, 0, 0, 0),
(102,	6,	7, 0, 0, 0, 0),
(102,	9,	10, 0, 0, 0, 0),
(102,	10,	11, 0, 0, 0, 0),
(102,	11,	2, 0, 0, 0, 0),
(102,	77,	22, 0, 0, 0, 0),
(102,	149,	27, 0, 0, 0, 0),
(103,	2,	40, 0, 0, 0, 0),
(103,	5,	6, 0, 0, 0, 0),
(103,	6,	7, 0, 0, 0, 0),
(103,	6,	24, 0, 0, 0, 0),
(103,	8,	9, 0, 0, 0, 0),
(103,	9,	10, 0, 0, 0, 0),
(103,	11,	2, 0, 0, 0, 0),
(114,	217,	7, 0, 0, 0, 0),
(114,	217,	24, 0, 0, 0, 0),
(114,	217,	176, 0, 0, 0, 0),
(179,	5,	6, 0, 0, 0, 0),
(179,	6,	7, 0, 0, 0, 0),
(179,	6,	24, 0, 0, 0, 0),
(179,	7,	8, 0, 0, 0, 0),
(179,	8,	9, 0, 0, 0, 0),
(179,	9,	10, 0, 0, 0, 0),
(179,	10,	11, 0, 0, 0, 0),
(179,	11,	2, 0, 0, 0, 0),
(179,	47,	261, 0, 0, 0, 0),
(179,	71,	30, 0, 0, 0, 0),
(179,	77,	22, 0, 0, 0, 0),
(179,	109,	12, 0, 0, 0, 0),
(179,	126,	21, 0, 0, 0, 0),
(179,	149,	27, 0, 0, 0, 0),
(179,	150,	26, 0, 0, 0, 0),
(179,	210,	239, 0, 0, 0, 0),
(225,	6,	7, 0, 0, 0, 0),
(225,	6,	24, 0, 0, 0, 0),
(225,	8,	9, 0, 0, 0, 0),
(225,	9,	10, 0, 0, 0, 0),
(231,	6,	7, 0, 0, 0, 0),
(231,	8,	9, 0, 0, 0, 0),
(231,	9,	10, 0, 0, 0, 0);




CREATE TABLE  IF NOT EXISTS last_mod(
    id INT AUTO_INCREMENT NOT NULL PRIMARY KEY ,
    fecha DATETIME NOT NULL
);
